customerid,trips,amount_of_yen,quantity,purchase_period,purchase_recency,purchase_amount_per_trips,regularity,trips_cancellation,trips_cat85099,trips_cat85123,trips_cat22423,trips_cat47566,trips_cat84879,mode_category,tgt
12362,5,2080.3400000000006,1018,153,2,416.0680000000001,30.6,0,1,0,1,1,0,POST,0
12395,4,661.6400000000001,293,106,42,165.41000000000003,26.5,0,0,0,1,0,0,POST,0
12408,5,1265.4799999999998,679,147,28,253.09599999999995,29.4,0,0,0,0,0,0,22328,0
12409,7,11056.93,5543,103,8,1579.5614285714287,14.714285714285714,0,1,1,2,1,0,23298,1
12415,13,63661.49000000003,43090,152,29,4897.037692307695,11.692307692307692,0,4,0,2,2,0,22492,0
12417,4,1791.7400000000005,935,118,36,447.9350000000001,29.5,0,0,0,1,0,0,POST,0
12423,5,862.8800000000001,603,147,28,172.57600000000002,29.4,0,0,0,0,0,0,POST,0
12428,5,1544.2399999999998,819,138,38,308.84799999999996,27.6,0,2,0,0,1,0,POST,0
12431,9,2592.230000000001,1199,92,49,288.0255555555557,10.222222222222221,0,0,0,0,0,0,84978,0
12437,7,1903.3400000000001,1169,147,8,271.9057142857143,21,0,0,0,3,2,0,POST,0
12455,4,767.9600000000002,566,116,3,191.99000000000004,29,0,1,0,0,0,0,POST,1
12457,9,1932.23,699,157,11,214.69222222222223,17.444444444444443,0,0,0,0,1,0,POST,0
12463,5,974.3899999999996,571,66,105,194.87799999999993,13.2,0,0,0,1,0,0,POST,0
12464,4,416.7,45,94,36,104.175,23.5,0,0,0,0,0,0,POST,0
12471,17,4770.499999999999,2362,171,8,280.6176470588235,10.058823529411764,0,0,0,6,0,0,POST,0
12473,4,1109.7900000000004,805,77,44,277.4475000000001,19.25,0,1,0,0,0,1,POST,0
12474,12,2325.5899999999992,1642,168,10,193.7991666666666,14,0,0,0,0,0,0,POST,0
12476,8,2929.2000000000003,1122,150,14,366.15000000000003,18.75,0,0,0,4,0,1,POST,0
12477,4,6379.55,1848,147,21,1594.8875,36.75,0,1,0,0,0,0,84968,0
12481,4,1869.5300000000004,922,67,109,467.3825000000001,16.75,0,0,0,0,0,0,23208,0
12483,7,1059.5000000000002,495,127,28,151.3571428571429,18.142857142857142,0,0,0,0,0,0,22779,0
12490,5,2688.370000000001,1462,121,23,537.6740000000002,24.2,0,3,0,0,0,0,POST,0
12523,5,780.69,440,173,9,156.138,34.6,0,0,0,0,0,0,23231,0
12540,10,7012.559999999999,3613,141,7,701.2559999999999,14.1,0,0,2,4,0,5,POST,0
12562,4,1993.8699999999992,1007,116,11,498.4674999999998,29,0,1,0,0,0,0,POST,0
12567,7,4384.5300000000025,1922,105,26,626.361428571429,15,0,1,0,1,1,2,23206,0
12569,17,2125.98,850,160,22,125.05764705882353,9.411764705882353,0,0,0,0,0,0,POST,0
12576,4,660.8499999999999,463,122,25,165.21249999999998,30.5,0,0,0,0,0,0,16016,0
12583,8,2464.6099999999997,2182,130,0,308.07624999999996,16.25,0,0,0,0,0,0,POST,0
12584,7,514.3600000000001,92,105,10,73.48000000000002,15,0,0,0,2,0,0,22627,0
12594,4,1607.4,1020,113,51,401.85,28.25,0,0,0,0,0,0,23206,0
12598,4,1225.2799999999995,943,149,1,306.3199999999999,37.25,0,0,0,0,0,0,POST,0
12599,4,544.5799999999999,462,81,56,136.14499999999998,20.25,0,0,0,0,0,0,POST,0
12600,6,1374.6399999999999,408,140,14,229.10666666666665,23.333333333333332,0,1,0,0,0,1,POST,0
12619,9,2160.9700000000003,2347,162,1,240.1077777777778,18,0,0,0,0,0,0,POST,0
12621,14,7315.700000000002,3849,145,11,522.5500000000001,10.357142857142858,0,3,0,2,0,0,POST,0
12626,6,3375.320000000001,1808,49,42,562.5533333333335,8.166666666666666,0,2,0,0,0,0,POST,0
12627,5,2727.830000000001,1575,44,26,545.5660000000001,8.8,0,1,0,2,0,0,POST,0
12637,5,3886.9500000000025,2043,147,21,777.3900000000006,29.4,0,0,0,1,1,0,22556,0
12643,5,2473.44,1230,92,58,494.688,18.4,0,0,0,0,0,0,POST,1
12647,6,1743.3700000000001,746,167,8,290.56166666666667,27.833333333333332,0,1,0,0,0,0,POST,0
12656,6,3405.4699999999993,1535,170,2,567.5783333333333,28.333333333333332,0,1,0,2,0,0,20725,0
12662,4,1754.08,890,131,37,438.52,32.75,0,0,0,0,0,0,84997,0
12674,4,1372.0000000000002,763,116,21,343.00000000000006,29,0,0,0,0,0,0,POST,0
12678,7,4822.460000000001,3147,171,8,688.9228571428573,24.428571428571427,0,0,0,0,0,0,POST,0
12681,10,4098.580000000001,2408,163,3,409.85800000000006,16.3,0,0,0,3,1,0,POST,0
12682,16,5407.670000000006,2476,168,11,337.9793750000004,10.5,0,1,0,1,4,0,POST,0
12683,8,3086.4200000000005,1781,128,22,385.80250000000007,16,0,0,0,2,1,0,POST,0
12684,4,1379.4800000000005,1274,42,100,344.8700000000001,10.5,0,0,0,0,0,0,POST,0
12704,4,1346.4700000000003,603,91,8,336.61750000000006,22.75,0,2,0,0,0,0,15056,0
12705,8,4100.140000000002,2642,168,7,512.5175000000003,21,0,1,0,1,0,0,85049,0
12708,9,1562.6800000000005,683,159,2,173.63111111111118,17.666666666666668,0,0,0,2,0,0,POST,0
12709,13,4201.559999999999,1965,168,1,323.196923076923,12.923076923076923,0,0,0,2,2,0,47590,0
12710,4,1130.5700000000002,849,104,26,282.64250000000004,26,0,0,0,0,0,0,POST,1
12712,5,2357.6499999999996,500,106,36,471.5299999999999,21.2,0,0,0,0,0,0,15056,0
12720,15,2203.97,1821,168,3,146.93133333333333,11.2,0,2,0,0,0,0,POST,0
12722,6,904.3299999999999,560,65,15,150.72166666666666,10.833333333333334,0,0,1,0,0,0,85066,1
12731,7,8211.859999999993,4035,182,0,1173.1228571428562,26,0,0,0,2,0,3,20725,0
12744,6,6068.060000000003,3544,104,74,1011.3433333333338,17.333333333333332,0,1,1,1,1,0,M,0
12747,4,1449.3100000000004,415,108,39,362.3275000000001,27,0,1,1,0,0,2,85062,0
12748,90,11322.389999999996,8990,181,0,125.80433333333329,2.011111111111111,0,9,3,3,8,1,85099,0
12749,6,2532.55,1031,99,43,422.0916666666667,16.5,0,0,0,3,0,1,23245,0
12753,4,7144.52,3774,139,38,1786.13,34.75,0,0,0,0,2,0,22637,0
12757,13,1651.6799999999992,901,82,58,127.05230769230762,6.3076923076923075,0,2,0,0,0,0,M,0
12779,5,1404.1399999999999,686,59,119,280.828,11.8,0,0,0,0,0,0,23108,0
12830,6,6348.080000000004,8695,80,21,1058.013333333334,13.333333333333334,0,0,0,0,0,0,23229,0
12839,7,2287.0400000000004,1626,126,1,326.7200000000001,18,0,4,0,0,0,0,23204,0
12840,6,2714.2699999999986,1505,82,73,452.3783333333331,13.666666666666666,0,2,1,0,0,0,23206,1
12841,8,1388.6900000000005,936,149,19,173.58625000000006,18.625,0,0,0,0,4,0,47422,0
12843,7,1577.4099999999999,700,61,89,225.3442857142857,8.714285714285714,0,4,2,2,5,0,47566,0
12853,7,1470.7499999999995,649,131,37,210.1071428571428,18.714285714285715,0,1,0,1,0,0,23110,1
12867,4,1725.1499999999994,1949,117,26,431.28749999999985,29.25,0,0,0,0,1,2,79190,0
12877,6,747.7500000000001,540,174,8,124.62500000000001,29,0,0,0,0,0,0,15044,0
12901,24,8912.91,10376,166,11,371.37125,6.916666666666667,0,0,0,0,0,0,22988,0
12909,5,904.0600000000001,428,123,7,180.812,24.6,0,1,0,2,0,0,23298,0
12910,5,2050.1800000000003,1286,163,8,410.03600000000006,32.6,0,0,0,0,0,0,23209,0
12919,5,407.9,198,84,15,81.58,16.8,0,0,0,0,0,0,22652,0
12921,22,7129.13,3996,133,14,324.05136363636365,6.045454545454546,0,5,0,1,1,5,84997,0
12930,4,409.9,250,93,8,102.475,23.25,0,0,0,0,0,2,84970,1
12931,9,23133.850000000006,16155,139,30,2570.4277777777784,15.444444444444445,0,0,0,0,0,2,21731,0
12935,4,1099.4599999999998,942,93,39,274.86499999999995,23.25,0,1,0,0,0,0,71459,0
12947,7,961.4399999999999,743,91,73,137.34857142857143,13,0,0,0,0,1,0,22846,1
12949,9,3425.220000000001,2030,138,44,380.58000000000015,15.333333333333334,0,0,2,1,2,2,84946,0
12951,4,432.19000000000005,156,85,93,108.04750000000001,21.25,0,0,0,0,0,0,22498,0
12955,8,1346.6399999999999,1100,126,22,168.32999999999998,15.75,0,0,0,0,0,3,15039,0
12957,5,1887.3300000000002,1104,178,1,377.466,35.6,0,0,0,0,1,0,85049,0
12971,41,5599.639999999997,4042,175,3,136.5765853658536,4.2682926829268295,0,0,0,0,5,0,47590,0
12980,6,3488.07,581,54,85,581.345,9,0,0,0,0,0,0,84078,1
12989,6,2753.4600000000005,1415,158,10,458.9100000000001,26.333333333333332,0,0,0,0,0,0,22301,0
12997,4,599.99,347,150,15,149.9975,37.5,0,0,0,0,0,0,21232,0
13001,4,3172.0999999999995,1722,81,88,793.0249999999999,20.25,0,1,0,0,4,2,47590,0
13004,11,2496.66,2375,171,7,226.9690909090909,15.545454545454545,0,2,2,1,1,0,85141,0
13012,6,493.3500000000001,292,141,8,82.22500000000001,23.5,0,0,0,0,1,0,21175,0
13013,9,2133.8,949,156,22,237.0888888888889,17.333333333333332,0,0,0,1,2,2,22978,0
13014,7,1521.45,450,147,2,217.35,21,0,1,0,3,1,0,37446,0
13015,4,1763.0399999999995,705,52,127,440.7599999999999,13,0,0,0,1,0,2,84879,0
13018,18,4703.119999999995,3629,176,2,261.2844444444442,9.777777777777779,0,0,0,1,2,0,84755,0
13021,5,1197.6299999999999,537,145,0,239.52599999999998,29,0,3,0,0,0,0,85099,0
13027,4,5088,12720,119,43,1272,29.75,0,0,0,0,0,0,21212,1
13047,7,1324.7400000000005,636,105,43,189.2485714285715,15,0,0,2,3,2,0,23160,0
13050,9,1925.4599999999994,1158,104,30,213.93999999999994,11.555555555555555,0,1,0,2,3,1,22151,0
13069,15,1946.2899999999997,3330,139,29,129.75266666666664,9.266666666666667,0,1,0,0,2,1,84596,0
13078,17,5083.89,2163,170,12,299.0523529411765,10,0,0,0,3,0,1,22726,0
13081,4,8848.410000000009,6264,88,59,2212.1025000000022,22,0,0,3,2,2,0,15056,0
13082,7,2509.5400000000004,2477,109,56,358.50571428571436,15.571428571428571,0,0,0,0,0,0,23205,1
13089,61,25630.989999999994,14258,177,0,420.18016393442616,2.901639344262295,0,3,3,12,8,11,84949,0
13090,4,2527.3700000000003,535,126,42,631.8425000000001,31.5,0,0,0,0,0,1,22622,0
13094,8,1033.6200000000001,924,128,10,129.20250000000001,16,0,0,3,0,0,0,84946,0
13097,8,2827.76,1114,155,7,353.47,19.375,0,0,0,5,4,0,22423,0
13098,22,16011.520000000004,9263,162,17,727.7963636363638,7.363636363636363,0,3,4,6,0,0,23231,0
13102,11,2703.46,1855,165,11,245.76909090909092,15,0,0,3,0,0,0,22197,0
13113,20,6163.12,1453,128,43,308.156,6.4,0,0,0,2,6,0,22501,0
13115,6,858.1500000000004,611,111,2,143.02500000000006,18.5,0,0,0,0,0,0,82616,0
13134,7,1740.63,1044,167,2,248.6614285714286,23.857142857142858,0,1,1,1,1,0,22960,1
13136,8,2126.1999999999985,1032,127,15,265.7749999999998,15.875,0,2,0,4,2,0,23206,0
13137,5,1667.7800000000022,1047,160,21,333.55600000000044,32,0,3,0,0,0,1,84997,0
13148,8,1175.84,617,125,37,146.98,15.625,0,0,2,0,0,1,35648,0
13178,7,4032.7300000000005,2424,172,3,576.1042857142858,24.571428571428573,0,4,0,0,0,0,20726,0
13183,5,1946.7000000000003,1116,121,16,389.34000000000003,24.2,0,0,0,0,0,0,22670,0
13184,10,1239.4200000000003,1403,121,60,123.94200000000004,12.1,0,0,0,0,1,0,85132,0
13186,4,1265.7400000000005,531,35,23,316.4350000000001,8.75,0,1,1,0,0,0,82600,0
13199,13,2171.2,1660,148,22,167.0153846153846,11.384615384615385,0,0,0,0,0,0,84947,0
13209,5,3668.4299999999967,3076,119,37,733.6859999999994,23.8,0,1,0,1,0,0,22729,0
13213,5,961.7299999999997,475,71,58,192.34599999999995,14.2,0,0,0,0,2,0,84755,0
13217,5,133.61999999999998,114,34,52,26.723999999999997,6.8,0,0,0,0,0,0,23109,1
13220,4,819.29,196,158,8,204.8225,39.5,0,0,0,0,0,0,21922,1
13230,8,1378.9700000000007,826,107,68,172.3712500000001,13.375,0,1,3,0,2,0,84596,0
13232,5,1048.3000000000002,654,144,28,209.66000000000003,28.8,0,1,0,0,0,0,84991,0
13263,20,4308.330000000002,2646,178,0,215.4165000000001,8.9,0,0,16,7,1,0,84596,0
13266,12,2509.640000000001,2975,171,5,209.13666666666674,14.25,0,0,0,0,0,0,85132,0
13267,11,1537.0499999999995,671,140,22,139.73181818181814,12.727272727272727,0,0,0,1,2,1,82486,0
13268,7,1327.4799999999998,1409,157,14,189.63999999999996,22.428571428571427,0,0,0,0,0,0,21232,0
13269,8,2652.8100000000018,1799,162,18,331.6012500000002,20.25,0,5,1,0,6,0,47566,0
13282,5,688.8,154,141,8,137.76,28.2,0,0,0,0,2,0,47566,0
13305,5,1025.7499999999998,573,152,22,205.14999999999995,30.4,0,0,0,1,0,0,85061,0
13317,5,954.82,376,56,113,190.964,11.2,0,0,0,2,2,0,22699,0
13319,16,4091.9300000000035,1784,164,15,255.74562500000022,10.25,0,3,0,6,5,7,23209,0
13320,6,1491.7,1066,143,0,248.61666666666667,23.833333333333332,0,0,0,0,1,0,23209,1
13324,8,5294.38,4042,153,19,661.7975,19.125,0,0,0,7,0,0,22423,0
13327,4,1306.6000000000001,672,73,42,326.65000000000003,18.25,0,3,0,0,0,0,85099,0
13340,4,5551.510000000001,3543,39,35,1387.8775000000003,9.75,0,0,0,0,0,0,23431,0
13381,4,2566.12,1374,117,19,641.53,29.25,0,0,0,0,2,4,84879,0
13384,7,3101.8199999999993,1694,104,3,443.11714285714277,14.857142857142858,0,1,0,0,0,2,82582,0
13394,4,1212.0099999999998,1329,136,8,303.00249999999994,34,0,1,0,0,0,0,90030,0
13397,4,937.41,238,110,2,234.3525,27.5,0,1,0,0,0,0,23243,1
13408,43,12879.18,7456,175,5,299.51581395348836,4.069767441860465,0,2,4,1,0,1,85123,0
13418,15,3208.22,2706,172,9,213.88133333333332,11.466666666666667,0,0,0,0,0,0,22729,0
13420,4,140.35,88,36,64,35.0875,9,0,0,0,0,0,0,21974,1
13426,5,974.2100000000002,582,168,0,194.84200000000004,33.6,0,0,0,0,0,0,23245,0
13435,5,1961.7700000000002,1194,113,5,392.35400000000004,22.6,0,0,0,0,0,0,23169,0
13437,4,2173.600000000001,689,91,29,543.4000000000002,22.75,0,0,0,1,1,2,85174,0
13448,4,1626.8100000000009,870,139,9,406.7025000000002,34.75,0,0,0,1,0,0,82583,0
13450,5,1727.2800000000004,1618,128,19,345.4560000000001,25.6,0,0,0,0,0,0,22570,0
13456,4,826.16,252,51,85,206.54,12.75,0,0,0,0,3,0,47566,0
13458,9,3471.95,2185,150,21,385.7722222222222,16.666666666666668,0,1,4,0,3,3,23118,0
13468,19,2526.7000000000003,1283,177,4,132.9842105263158,9.31578947368421,0,0,4,1,0,1,85123,0
13481,5,672.5499999999998,376,175,4,134.50999999999996,35,0,1,0,0,0,0,47590,0
13488,9,3207.680000000003,1774,134,2,356.40888888888924,14.88888888888889,0,0,3,0,1,3,47590,0
13505,7,4299.630000000001,2466,159,2,614.2328571428573,22.714285714285715,0,0,0,5,1,0,22699,0
13515,4,891.1200000000002,681,175,2,222.78000000000006,43.75,0,0,3,1,0,0,85123,1
13517,4,1592.8299999999997,972,73,36,398.2074999999999,18.25,0,0,1,1,0,0,85159,0
13520,4,1332.08,649,56,58,333.02,14,0,0,0,0,0,0,POST,0
13524,4,483.86,207,138,11,120.965,34.5,0,0,2,0,0,0,22804,0
13527,6,1726.9400000000003,1464,111,19,287.8233333333334,18.5,0,0,0,1,0,3,22749,0
13534,20,2724.380000000002,1391,140,30,136.2190000000001,7,0,7,0,0,0,0,85099,0
13538,4,486.45000000000005,63,88,24,121.61250000000001,22,0,0,0,0,0,0,48187,0
13549,6,759.97,410,99,72,126.66166666666668,16.5,0,3,1,2,1,0,85099,0
13552,12,2331.2599999999998,950,136,11,194.27166666666665,11.333333333333334,0,1,0,0,0,0,23111,0
13555,4,4149.280000000001,2660,128,3,1037.3200000000002,32,0,0,1,1,0,1,84970,1
13571,6,938.5600000000003,774,133,22,156.4266666666667,22.166666666666668,0,1,2,0,0,0,22197,0
13576,10,3322.71,1143,162,1,332.271,16.2,0,0,0,0,0,0,21137,0
13577,4,1164.4999999999993,577,152,18,291.12499999999983,38,0,4,0,0,1,0,85099,0
13588,6,1470.5299999999997,1719,49,16,245.08833333333328,8.166666666666666,0,0,0,0,0,0,85049,0
13590,4,801.5200000000002,632,98,71,200.38000000000005,24.5,0,1,0,0,0,0,84997,0
13599,10,1512.0699999999995,1000,160,11,151.20699999999994,16,0,2,0,0,0,2,23203,0
13610,5,529.0899999999993,264,133,40,105.81799999999987,26.6,0,2,0,0,0,0,22961,0
13627,5,1008.5400000000003,810,126,8,201.70800000000006,25.2,0,0,0,2,1,1,22771,0
13629,6,4293.3600000000015,2372,140,29,715.5600000000003,23.333333333333332,0,5,0,0,0,0,85099,0
13630,8,1478.9400000000003,1120,169,5,184.86750000000004,21.125,0,1,0,0,0,0,84946,0
13631,11,2941.77,440,106,29,267.43363636363637,9.636363636363637,0,0,0,2,0,0,22625,1
13632,4,810.35,315,69,103,202.5875,17.25,0,1,2,1,2,0,85123,0
13658,5,1879.0700000000002,801,118,15,375.814,23.6,0,0,0,3,0,0,22423,0
13662,5,655.1299999999999,364,126,15,131.02599999999998,25.2,0,0,0,0,2,0,23207,1
13668,15,2644.4600000000023,1577,135,43,176.29733333333348,9,0,1,0,0,5,0,47566,0
13692,4,850.1300000000003,733,32,133,212.53250000000008,8,0,0,0,0,0,1,22839,0
13694,36,30500.15999999999,31257,181,1,847.2266666666663,5.027777777777778,0,7,1,1,3,0,85099,0
13695,12,2013.8099999999995,1357,154,11,167.81749999999997,12.833333333333334,0,0,0,0,4,4,22178,0
13700,5,1194.2100000000005,1411,149,22,238.8420000000001,29.8,0,0,0,0,0,0,22661,0
13704,5,1289.3999999999996,1028,14,3,257.87999999999994,2.8,0,0,0,0,1,0,85230,0
13709,7,2403.520000000001,1583,80,18,343.3600000000001,11.428571428571429,0,0,0,0,1,0,23167,0
13717,4,645.1900000000002,1191,111,58,161.29750000000004,27.75,0,0,0,4,0,1,22423,0
13735,4,1335.5499999999997,692,58,105,333.88749999999993,14.5,0,0,0,0,0,1,84279,0
13741,4,666.33,217,145,1,166.5825,36.25,0,0,0,0,0,0,21314,1
13742,9,1611.5900000000004,511,148,19,179.0655555555556,16.444444444444443,0,0,0,0,0,0,22626,0
13743,6,922.67,1259,128,18,153.77833333333334,21.333333333333332,0,0,0,0,0,0,84077,0
13748,4,744.25,359,150,25,186.0625,37.5,0,0,0,3,0,0,22423,1
13752,6,1186.2800000000002,876,122,54,197.71333333333337,20.333333333333332,0,0,0,0,1,0,21326,1
13756,5,1967.9300000000005,1399,112,23,393.5860000000001,22.4,0,0,0,0,2,3,23298,0
13767,30,8996.44999999999,3662,171,10,299.8816666666663,5.7,0,0,1,13,3,10,21314,0
13769,8,1232.1000000000004,430,154,22,154.01250000000005,19.25,0,0,3,0,0,1,71477,0
13777,11,3683.2900000000004,1482,168,7,334.8445454545455,15.272727272727273,0,4,3,0,0,0,15056,0
13784,5,1697.7599999999998,1476,124,24,339.55199999999996,24.8,0,0,0,2,0,0,84970,0
13798,30,15780.739999999993,10670,176,2,526.0246666666665,5.866666666666666,0,10,6,0,5,0,85099,0
13804,4,1559.35,898,77,8,389.8375,19.25,0,0,0,0,0,0,47590,0
13811,4,591.75,67,55,113,147.9375,13.75,0,0,0,0,0,0,POST,1
13813,4,945.8700000000001,435,63,0,236.46750000000003,15.75,0,0,0,0,0,0,POST,0
13831,4,1387.5900000000008,461,131,17,346.8975000000002,32.75,0,0,4,0,0,0,85123,0
13842,4,1585.33,809,155,2,396.3325,38.75,0,0,1,1,0,3,84879,0
13854,13,3554.1799999999994,930,158,18,273.3984615384615,12.153846153846153,0,0,0,3,3,5,84879,0
13856,5,363.4,484,34,98,72.67999999999999,6.8,0,0,0,0,0,0,79000,1
13862,6,1398.4000000000008,1061,159,2,233.0666666666668,26.5,0,0,0,0,0,0,22993,0
13870,5,1618.6399999999999,670,66,31,323.72799999999995,13.2,0,0,0,0,1,0,85049,0
13871,7,3344.290000000002,1397,150,15,477.75571428571453,21.428571428571427,0,3,0,3,0,0,22798,0
13880,8,1992.9200000000008,1169,150,17,249.1150000000001,18.75,0,0,0,1,2,0,84912,0
13881,11,7956.939999999999,4812,170,1,723.3581818181817,15.454545454545455,0,0,0,0,0,1,82582,0
13883,5,693.39,398,18,130,138.678,3.6,0,0,0,0,0,0,22995,0
13908,4,1851.05,1121,135,9,462.7625,33.75,0,0,0,0,0,2,22301,1
13911,5,1596.0799999999997,1576,101,74,319.21599999999995,20.2,0,0,1,0,0,0,22693,0
13925,5,629.3999999999999,328,42,22,125.87999999999997,8.4,0,0,0,0,0,0,22847,0
13969,8,3102.9700000000003,1569,124,37,387.87125000000003,15.5,0,4,0,1,1,0,85132,0
13971,5,1307.6399999999999,818,108,36,261.52799999999996,21.6,0,1,0,0,2,1,23203,0
13983,4,823.5999999999999,560,143,18,205.89999999999998,35.75,0,0,0,1,0,0,71459,0
13985,8,3362.6600000000017,1676,143,1,420.3325000000002,17.875,0,6,0,0,0,0,22379,0
13988,4,2547.6000000000017,1939,128,2,636.9000000000004,32,0,1,2,0,0,3,85066,0
13993,7,1781.8599999999994,519,153,14,254.5514285714285,21.857142857142858,0,0,0,2,0,2,22960,0
13995,4,861.6999999999998,596,130,45,215.42499999999995,32.5,0,0,0,0,0,0,22383,0
13999,9,1921.2399999999989,1082,128,16,213.471111111111,14.222222222222221,0,2,0,0,4,0,23203,0
14004,5,2869.470000000001,1791,95,8,573.8940000000002,19,0,3,0,0,0,0,85099,0
14005,4,977.6800000000002,1092,140,5,244.42000000000004,35,0,0,0,4,0,0,22423,0
14030,4,833.0799999999997,708,156,19,208.26999999999992,39,0,0,0,1,0,0,47567,0
14031,7,5522.560000000002,2045,158,4,788.9371428571432,22.571428571428573,0,1,0,2,0,3,15056,0
14032,7,1187.7599999999998,901,153,17,169.67999999999998,21.857142857142858,0,0,0,0,0,0,22064,0
14038,4,1554.4799999999987,963,128,8,388.61999999999966,32,0,2,0,0,0,0,84997,1
14040,10,1761.5300000000007,923,145,24,176.15300000000008,14.5,0,4,0,3,0,0,85099,0
14051,10,5224.080000000001,1227,147,21,522.4080000000001,14.7,0,0,0,4,4,0,15056,0
14056,18,4028.7099999999978,1992,154,14,223.81722222222209,8.555555555555555,0,4,0,0,0,0,23052,0
14057,9,3200.509999999999,2265,150,19,355.6122222222221,16.666666666666668,0,1,0,0,0,0,23201,0
14060,10,3059.099999999999,2451,161,9,305.9099999999999,16.1,0,0,0,0,0,0,22900,0
14062,7,6129.080000000001,2302,168,1,875.5828571428573,24,0,0,0,0,0,0,21175,0
14078,4,743.08,247,125,31,185.77,31.25,0,0,0,0,0,0,15044,1
14088,7,17886.660000000003,5075,61,58,2555.237142857143,8.714285714285714,0,2,0,2,1,0,85099,0
14092,6,1586.9899999999998,945,137,29,264.4983333333333,22.833333333333332,0,0,3,0,0,0,85123,0
14096,13,8037.22000000001,2344,27,4,618.2476923076931,2.076923076923077,6,1,0,2,0,0,84596,0
14099,5,1235.86,719,97,50,247.17199999999997,19.4,0,0,0,0,1,0,21865,0
14110,7,3247.850000000002,1477,158,16,463.97857142857174,22.571428571428573,0,1,1,0,3,0,21137,0
14111,4,291.25,201,156,15,72.8125,39,0,0,0,0,0,0,22784,0
14112,6,1258.1199999999994,756,92,43,209.68666666666658,15.333333333333334,0,2,1,0,0,0,85099,0
14132,6,1900.2000000000014,1686,96,17,316.7000000000002,16,0,0,0,0,0,0,23191,0
14135,4,1702.4099999999996,1397,144,5,425.6024999999999,36,0,0,0,0,0,0,85049,0
14145,4,2257.2,456,84,63,564.3,21,0,0,0,0,0,0,15056,0
14156,32,67962.36999999998,35007,178,0,2123.8240624999994,5.5625,8,2,2,7,5,1,C2,0
14159,9,2480.8700000000026,2294,105,11,275.6522222222225,11.666666666666666,0,3,6,0,3,0,84596,0
14163,4,2445.9100000000008,893,151,17,611.4775000000002,37.75,0,0,0,0,0,0,15056,1
14177,5,554.4599999999998,204,94,14,110.89199999999997,18.8,0,0,1,0,1,0,21317,1
14180,11,1509.2500000000005,249,143,21,137.2045454545455,13,0,0,0,0,0,0,22180,0
14188,6,1313.3100000000002,756,143,1,218.88500000000002,23.833333333333332,0,3,0,0,0,0,23209,0
14189,9,1768.31,1466,136,26,196.4788888888889,15.11111111111111,0,0,2,0,0,2,23342,0
14191,9,2500.5400000000013,1570,139,10,277.83777777777794,15.444444444444445,0,7,0,0,5,0,85099,0
14194,17,5326.100000000004,2873,139,0,313.30000000000024,8.176470588235293,0,4,1,2,5,2,23203,0
14198,5,499.09999999999997,240,159,9,99.82,31.8,0,0,0,0,0,0,82486,0
14201,7,500.5,298,153,10,71.5,21.857142857142858,0,0,0,0,2,4,84879,0
14209,4,1101.4799999999998,473,92,51,275.36999999999995,23,0,0,3,0,0,0,85123,0
14210,4,923.5000000000001,326,135,21,230.87500000000003,33.75,0,0,1,1,3,0,47566,1
14211,6,867.0400000000001,368,158,10,144.5066666666667,26.333333333333332,0,2,1,0,0,0,82483,0
14217,9,927.9499999999997,297,171,4,103.10555555555553,19,0,0,0,0,1,1,23146,0
14221,8,2770.9900000000007,1843,126,10,346.3737500000001,15.75,0,0,2,0,3,2,22983,0
14227,10,2290.1500000000015,1245,159,15,229.01500000000016,15.9,0,3,1,0,0,1,85099,0
14232,4,879.31,933,71,45,219.8275,17.75,0,0,0,0,0,0,84212,0
14235,4,2294.5499999999997,1383,151,5,573.6374999999999,37.75,0,1,1,0,0,0,85099,0
14239,8,1422.6600000000003,556,175,1,177.83250000000004,21.875,0,3,2,0,0,0,85099,0
14243,7,1128.26,598,154,21,161.18,22,0,0,0,0,0,0,82482,0
14258,6,6010.220000000001,3456,155,19,1001.7033333333335,25.833333333333332,0,1,1,0,2,0,82494,0
14262,4,1379.2999999999997,855,156,14,344.82499999999993,39,0,0,0,0,0,0,21790,0
14267,4,452.67999999999995,182,90,80,113.16999999999999,22.5,0,0,1,2,0,0,23288,1
14282,8,1902.4399999999987,1549,145,11,237.80499999999984,18.125,0,3,0,0,0,0,85099,0
14289,4,510.5399999999999,130,106,64,127.63499999999998,26.5,0,0,0,1,0,0,48194,0
14291,7,1360.71,961,96,43,194.38714285714286,13.714285714285714,0,0,0,1,0,0,22662,0
14292,7,2642.1999999999994,850,117,16,377.45714285714274,16.714285714285715,0,0,0,2,0,0,22699,0
14298,23,29890.95999999997,37283,161,2,1299.6069565217379,7,0,2,3,4,0,0,85230,0
14299,5,1207.4,823,34,3,241.48000000000002,6.8,0,0,2,1,0,1,23243,0
14305,5,1803.7599999999995,1069,64,1,360.7519999999999,12.8,0,0,2,0,0,2,85049,1
14307,4,1725.1599999999996,1190,130,18,431.2899999999999,32.5,0,0,2,0,0,2,85123,1
14309,4,1045.3099999999997,731,141,23,261.32749999999993,35.25,0,0,0,2,0,0,85032,0
14315,4,1019.75,433,61,59,254.9375,15.25,0,2,0,0,0,0,85099,0
14323,4,574.2599999999998,340,123,44,143.56499999999994,30.75,0,0,0,2,0,0,22699,1
14329,4,1352.8300000000002,1062,118,38,338.20750000000004,29.5,0,1,0,1,0,1,23209,0
14334,4,1289.6100000000001,805,139,23,322.40250000000003,34.75,0,0,0,0,0,0,48194,0
14338,4,554.22,329,38,88,138.555,9.5,0,0,0,1,1,0,23081,1
14339,4,289.91,150,8,164,72.4775,2,0,0,0,0,0,0,23155,1
14341,4,803.8899999999996,506,84,60,200.9724999999999,21,0,2,0,1,0,0,85099,0
14342,4,358.89000000000004,166,73,67,89.72250000000001,18.25,0,0,0,1,0,1,23112,0
14364,8,3717.3499999999995,1967,102,38,464.66874999999993,12.75,0,2,0,0,1,0,23298,1
14367,13,5368.47,2471,164,5,412.95923076923077,12.615384615384615,0,5,4,0,5,0,85099,0
14388,4,1563.5199999999995,1000,111,21,390.8799999999999,27.75,0,3,0,4,0,0,23201,0
14390,4,1352.76,664,95,74,338.19,23.75,0,3,1,0,0,0,85099,0
14395,6,1562.7299999999993,761,173,2,260.45499999999987,28.833333333333332,0,0,1,0,4,0,82483,0
14397,13,1082.59,793,140,3,83.27615384615385,10.76923076923077,0,0,0,0,0,0,22178,0
14401,9,2832.7600000000016,3187,102,10,314.7511111111113,11.333333333333334,0,0,0,0,0,2,21382,0
14403,5,1426.3100000000002,513,116,60,285.26200000000006,23.2,0,0,0,0,0,0,22605,1
14407,8,1753.8999999999999,1278,140,37,219.23749999999998,17.5,0,0,0,0,0,0,23298,1
14408,5,1947.510000000001,1266,144,24,389.5020000000002,28.8,0,0,0,0,0,1,85152,0
14410,9,292.8300000000003,107,157,22,32.536666666666704,17.444444444444443,0,0,0,0,1,0,23309,0
14414,7,1267.9300000000005,2363,44,21,181.1328571428572,6.285714285714286,0,0,0,0,0,0,20984,1
14415,8,2142.6300000000015,1052,136,28,267.8287500000002,17,0,6,3,0,0,0,85099,0
14426,4,889.2600000000003,419,37,70,222.31500000000008,9.25,0,0,0,0,2,0,47566,0
14456,7,1832.3200000000018,1661,68,3,261.7600000000003,9.714285714285714,0,2,3,1,2,1,22908,0
14462,6,990.6400000000001,447,129,14,165.10666666666668,21.5,0,0,2,0,1,2,22189,0
14472,4,608.6599999999997,364,83,33,152.16499999999994,20.75,0,0,2,1,0,3,22297,1
14475,4,514.82,300,114,1,128.705,28.5,0,2,2,0,0,0,85099,1
14502,5,412.4,234,85,79,82.47999999999999,17,0,0,1,0,0,2,21340,0
14524,6,1270.2800000000009,441,165,1,211.71333333333348,27.5,0,0,2,1,0,0,22328,0
14525,6,1794.8600000000008,1024,135,30,299.1433333333335,22.5,0,1,2,1,1,0,21622,0
14527,41,3022.7099999999955,918,174,1,73.72463414634136,4.2439024390243905,0,8,2,2,3,0,D,0
14534,10,1935.0600000000015,970,151,25,193.50600000000014,15.1,0,2,0,1,1,0,22427,0
14543,10,1575.6999999999998,248,178,3,157.57,17.8,0,0,0,0,0,0,22624,0
14546,5,1551.9800000000016,896,171,7,310.3960000000003,34.2,0,0,2,0,3,0,85049,0
14560,7,400.34999999999997,407,101,24,57.192857142857136,14.428571428571429,0,0,0,0,0,0,22776,0
14562,10,2316.170000000001,861,153,8,231.6170000000001,15.3,0,0,0,0,4,0,85066,0
14565,5,1906.3600000000001,892,109,25,381.27200000000005,21.8,3,0,2,0,2,0,C2,1
14572,4,997.3099999999994,724,36,40,249.32749999999984,9,0,0,1,2,1,0,85049,0
14573,9,721.1399999999999,295,32,109,80.12666666666665,3.5555555555555554,0,0,0,1,0,0,85132,1
14583,4,787.6400000000009,572,61,74,196.91000000000022,15.25,0,1,2,0,1,0,84596,0
14584,5,1029.2599999999998,379,29,99,205.85199999999995,5.8,0,0,2,0,0,2,22429,1
14587,4,563.83,234,63,114,140.9575,15.75,0,0,1,1,0,0,84997,0
14606,57,4481.099999999987,2311,176,2,78.61578947368398,3.087719298245614,0,6,3,1,3,0,90214,0
14640,5,1484.41,573,99,57,296.882,19.8,0,0,0,2,2,0,22697,0
14646,34,123106.21999999977,85713,170,8,3620.7711764705814,5,0,7,0,4,1,2,22629,0
14659,6,1045.19,499,139,8,174.19833333333335,23.166666666666668,0,3,0,0,0,2,84997,0
14667,12,4351.950000000001,2146,172,4,362.6625000000001,14.333333333333334,0,6,0,0,0,7,85049,0
14676,5,1610.8899999999994,1587,138,8,322.1779999999999,27.6,0,0,0,0,0,0,21746,0
14680,12,15532.090000000002,7500,180,1,1294.3408333333334,15,0,9,0,0,7,0,85099,0
14688,12,2173.240000000003,1287,178,0,181.10333333333358,14.833333333333334,0,3,0,0,0,0,23182,0
14691,4,1769.069999999999,607,141,1,442.26749999999976,35.25,0,0,0,0,0,0,48187,0
14696,5,1183.43,1005,171,1,236.686,34.2,0,1,0,0,0,0,78033,0
14701,4,476.17999999999995,224,74,102,119.04499999999999,18.5,0,1,0,0,0,0,21867,0
14702,4,681.6399999999996,316,83,8,170.4099999999999,20.75,0,0,0,0,1,0,22907,0
14709,7,3080.739999999999,1670,144,1,440.1057142857141,20.571428571428573,0,7,0,0,0,0,85099,0
14711,9,2134.3000000000025,699,158,21,237.14444444444473,17.555555555555557,0,0,1,0,4,2,84836,0
14713,4,1120.0000000000002,711,119,29,280.00000000000006,29.75,0,1,3,0,0,0,20728,0
14732,5,1243.3100000000002,833,132,18,248.66200000000003,26.4,0,0,1,0,0,0,22771,0
14733,5,1459.1799999999994,518,93,40,291.8359999999999,18.6,0,0,0,0,4,0,47566,0
14735,19,2587.2999999999997,987,150,11,136.1736842105263,7.894736842105263,0,2,0,0,0,0,71459,0
14738,5,548.3199999999999,244,111,60,109.66399999999999,22.2,0,0,1,0,0,0,21175,0
14745,4,979.66,850,72,42,244.915,18,0,0,0,0,0,0,84755,1
14755,6,1824.84,811,133,3,304.14,22.166666666666668,0,1,1,1,3,2,23298,0
14769,5,6988.999999999998,4913,123,7,1397.7999999999997,24.6,0,0,0,1,2,2,85049,0
14776,8,1291.3800000000006,1540,128,35,161.42250000000007,16,0,0,0,0,0,0,21703,0
14796,14,3867.8699999999953,3057,144,24,276.27642857142826,10.285714285714286,0,0,2,2,0,0,84596,0
14800,8,1471.6599999999996,1312,147,5,183.95749999999995,18.375,0,0,0,0,0,0,22751,0
14808,13,1717.4800000000002,1621,98,3,132.11384615384617,7.538461538461538,0,0,0,0,0,0,21731,0
14810,4,958.5900000000001,490,136,33,239.64750000000004,34,0,3,0,0,0,0,22730,0
14825,4,614.4000000000001,246,114,19,153.60000000000002,28.5,0,1,1,0,1,0,23344,0
14834,4,836.75,374,168,1,209.1875,42,0,0,0,1,0,3,84879,0
14837,5,1641.2000000000007,1430,111,19,328.2400000000001,22.2,0,0,0,0,0,0,23301,1
14842,4,1569.3699999999997,702,107,14,392.3424999999999,26.75,0,0,0,1,1,1,23298,0
14849,10,4352.749999999999,3312,153,25,435.2749999999999,15.3,0,0,0,1,0,5,84879,0
14852,5,2188.420000000001,1390,156,26,437.6840000000002,31.2,0,2,4,0,0,3,85123,0
14854,7,2287.61,1534,174,8,326.8014285714286,24.857142857142858,0,0,0,0,3,0,47566,1
14866,5,6507.29,2697,67,3,1301.458,13.4,0,0,0,0,0,0,23168,0
14868,5,1634.7700000000007,871,161,1,326.9540000000001,32.2,0,0,0,0,0,0,22605,0
14878,4,561.93,320,119,12,140.4825,29.75,0,0,0,0,0,0,37448,0
14883,4,571.99,592,138,3,142.9975,34.5,0,0,1,0,0,2,84879,0
14895,14,5590.8499999999985,2446,158,21,399.3464285714285,11.285714285714286,0,0,3,3,2,0,23209,0
14901,4,596.7800000000001,316,48,3,149.19500000000002,12,0,0,0,0,0,0,23301,0
14903,6,1835.890000000001,1091,124,51,305.98166666666685,20.666666666666668,0,2,0,1,0,3,22784,0
14911,123,65474.37999999994,37198,182,0,532.3120325203247,1.4796747967479675,38,6,13,30,10,8,C2,0
14916,4,969.7899999999995,889,78,0,242.44749999999988,19.5,0,1,0,0,0,0,23167,1
14931,4,554.65,278,166,4,138.6625,41.5,1,0,0,0,0,0,M,0
14944,7,4168.22,2117,140,7,595.46,20,0,0,4,0,0,0,85123,0
14948,5,834.2699999999996,569,147,1,166.85399999999993,29.4,0,0,0,0,0,0,23295,0
14952,7,4514.120000000001,1816,135,1,644.8742857142859,19.285714285714285,0,1,0,2,0,0,84997,0
14961,7,3775.4500000000007,2145,165,11,539.3500000000001,23.571428571428573,0,1,0,3,1,0,22699,0
15005,20,3595.8400000000015,2584,168,8,179.7920000000001,8.4,0,8,9,0,8,0,22356,0
15021,4,1021.2900000000006,438,132,16,255.32250000000016,33,0,1,2,0,0,0,82482,0
15023,6,3264.9799999999987,1222,102,46,544.1633333333331,17,0,3,3,3,0,1,84997,0
15027,5,952.77,521,70,98,190.554,14,0,0,0,0,1,0,22605,0
15033,5,863.6499999999996,435,99,39,172.72999999999993,19.8,0,0,0,1,0,2,23206,0
15034,4,1607.800000000001,876,162,0,401.9500000000003,40.5,0,0,2,0,0,0,22729,0
15039,25,10521.049999999987,4733,169,10,420.8419999999995,6.76,0,16,0,7,10,0,85099,0
15044,6,1985.23,503,165,5,330.87166666666667,27.5,0,0,2,3,1,0,82482,0
15046,7,2605.7299999999996,1768,144,26,372.2471428571428,20.571428571428573,0,0,1,0,0,4,85049,0
15058,5,965.1400000000004,514,161,11,193.02800000000008,32.2,0,0,0,0,0,0,22921,0
15059,5,633.7399999999996,274,108,37,126.7479999999999,21.6,0,0,0,0,0,0,85049,0
15061,19,13394.2,6795,178,0,704.9578947368421,9.368421052631579,0,0,0,6,0,0,22659,0
15078,18,4983.5000000000055,2554,159,4,276.8611111111114,8.833333333333334,0,10,0,0,0,0,85099,0
15095,5,1364.6999999999996,1077,99,33,272.93999999999994,19.8,0,0,0,0,0,3,84879,1
15098,5,649.5,60,0,112,129.9,0,0,0,0,0,0,0,22502,1
15108,5,1291.7500000000005,497,85,71,258.3500000000001,17,0,0,0,0,0,0,POST,1
15114,8,1993.2300000000002,2353,174,1,249.15375000000003,21.75,0,0,0,0,0,0,22927,0
15122,4,1226.9899999999996,558,118,15,306.7474999999999,29.5,0,2,0,0,1,0,85099,1
15125,17,6793.57,3595,126,43,399.62176470588236,7.411764705882353,0,2,0,2,0,0,23203,0
15128,7,1118.78,990,92,56,159.82571428571427,13.142857142857142,0,0,0,0,0,0,84536,0
15129,8,2136.9300000000003,1136,112,36,267.11625000000004,14,0,0,1,0,0,0,22112,0
15134,5,897.5500000000003,539,168,2,179.51000000000005,33.6,0,0,3,0,0,0,85123,0
15140,6,1602.4499999999994,1176,154,9,267.0749999999999,25.666666666666668,0,0,0,0,0,0,84970,0
15144,10,3306.52,1572,147,1,330.652,14.7,0,3,0,0,0,0,85099,0
15150,7,3856.74,2691,115,0,550.9628571428572,16.428571428571427,0,0,0,3,0,2,85230,0
15152,10,2650.7800000000007,1403,102,14,265.0780000000001,10.2,0,0,0,0,1,0,84997,0
15159,15,6202.779999999999,4366,143,19,413.5186666666666,9.533333333333333,0,0,0,2,2,0,84596,0
15172,4,1247.95,1225,166,0,311.9875,41.5,0,1,0,0,0,0,85227,0
15187,9,2350.46,1035,141,0,261.1622222222222,15.666666666666666,0,0,0,0,0,0,84945,0
15189,31,10121.400000000001,3736,154,21,326.49677419354845,4.967741935483871,0,0,0,8,3,0,22427,0
15194,11,2952.079999999999,1947,175,2,268.370909090909,15.909090909090908,0,0,0,2,0,4,84879,0
15201,11,927.8400000000007,962,168,8,84.34909090909098,15.272727272727273,0,2,0,0,0,0,47590,1
15203,4,1305.7799999999995,1240,118,9,326.4449999999999,29.5,0,3,0,0,0,0,85099,0
15218,7,3536.3999999999987,2033,143,4,505.1999999999998,20.428571428571427,0,5,3,0,0,0,85099,0
15220,5,947.9000000000002,846,123,45,189.58000000000004,24.6,0,0,1,0,0,0,22109,0
15238,4,757.3299999999999,574,88,25,189.33249999999998,22,0,0,0,0,0,1,85087,0
15241,6,1016.19,1170,123,3,169.365,20.5,0,0,0,0,0,0,47518,0
15249,12,4606.420000000001,2573,146,21,383.8683333333334,12.166666666666666,0,0,0,0,3,1,85132,0
15251,11,9546.439999999999,5618,160,11,867.8581818181817,14.545454545454545,0,0,0,0,0,0,22457,0
15253,4,637.7,598,89,9,159.425,22.25,0,0,1,0,0,0,84997,0
15260,6,1360.2700000000002,607,133,30,226.7116666666667,22.166666666666668,0,0,2,0,1,0,84978,1
15271,8,1231.7700000000004,626,144,24,153.97125000000005,18,0,0,4,0,0,0,85123,0
15281,7,1149.31,519,109,66,164.18714285714285,15.571428571428571,0,0,2,2,4,0,47566,0
15290,7,3079.89,1459,153,9,439.9842857142857,21.857142857142858,0,0,0,5,0,3,22699,0
15291,6,1696.1299999999999,981,157,24,282.68833333333333,26.166666666666668,0,0,0,0,0,1,21668,0
15296,6,1365.4099999999996,591,134,8,227.56833333333327,22.333333333333332,0,0,0,2,0,0,82486,0
15298,4,1129.7800000000002,789,94,22,282.44500000000005,23.5,0,1,0,0,2,0,71477,0
15299,4,-54.00999999999999,-6,116,53,-13.502499999999998,29,0,0,0,0,0,0,M,0
15301,10,3163.39,1669,154,2,316.339,15.4,0,0,0,0,0,0,21845,0
15304,5,293.75,43,149,15,58.75,29.8,0,0,0,4,0,0,22423,0
15311,51,28255.950000000033,18130,175,3,554.0382352941183,3.4313725490196076,0,20,0,0,0,0,15056,0
15356,6,1996.7300000000007,1262,180,1,332.78833333333347,30,0,1,1,0,2,2,22413,0
15358,12,3272.9600000000005,3046,168,2,272.7466666666667,14,0,0,0,1,0,0,85049,0
15370,4,1259.5300000000002,474,132,1,314.88250000000005,33,0,0,0,0,0,0,84968,0
15373,4,610.6900000000002,170,94,45,152.67250000000004,23.5,0,0,0,0,0,0,22090,0
15382,6,3662.630000000001,2386,134,14,610.4383333333335,22.333333333333332,0,1,0,1,0,0,23168,0
15400,5,320.59999999999997,170,92,22,64.11999999999999,18.4,0,0,0,0,0,0,21932,1
15410,7,3068.2400000000002,1096,152,14,438.32000000000005,21.714285714285715,0,0,0,3,3,0,23163,1
15434,4,543.2800000000001,470,93,37,135.82000000000002,23.25,0,0,0,0,0,0,23118,0
15453,4,712.8,362,95,22,178.2,23.75,0,0,1,0,0,0,23138,0
15465,9,2545.519999999999,400,162,11,282.83555555555546,18,0,0,0,8,0,2,22423,0
15491,7,3090.85,1624,140,25,441.55,20,0,0,0,1,3,0,84970,1
15498,19,5234.320000000001,2229,158,9,275.4905263157895,8.31578947368421,0,3,1,3,3,0,85099,0
15502,6,461.3300000000005,2007,74,19,76.88833333333342,12.333333333333334,0,0,0,1,1,0,M,0
15505,5,2716.16,1580,82,3,543.232,16.4,0,0,0,0,0,0,15058,0
15508,6,1000.2700000000002,440,46,119,166.7116666666667,7.666666666666667,0,2,2,3,0,0,22423,1
15513,10,6826.179999999997,2586,124,17,682.6179999999997,12.4,0,0,2,1,0,0,22456,0
15518,7,978.2000000000006,703,91,53,139.74285714285722,13,0,0,0,1,2,0,22659,0
15521,9,1516.2900000000004,932,154,24,168.47666666666672,17.11111111111111,0,0,0,0,0,0,23256,0
15527,5,1011.1899999999997,435,130,19,202.23799999999994,26,0,3,0,2,0,0,85099,0
15529,4,1896.1900000000028,1761,160,17,474.0475000000007,40,0,2,0,0,2,0,84086,0
15532,4,805.5899999999999,270,34,61,201.39749999999998,8.5,0,0,0,0,0,0,17012,0
15544,5,1571.5999999999995,1228,91,49,314.3199999999999,18.2,0,0,0,0,0,0,84997,0
15547,6,2013.330000000002,2014,160,12,335.55500000000035,26.666666666666668,0,1,2,1,3,1,84596,0
15555,10,2147.4300000000003,2266,158,8,214.74300000000002,15.8,0,2,4,1,2,2,20725,0
15561,4,371.81999999999994,84,119,26,92.95499999999998,29.75,0,0,0,0,0,0,23128,0
15569,4,1087.2100000000003,484,27,33,271.80250000000007,6.75,0,0,3,0,0,0,85123,1
15581,9,3012.4700000000003,110,117,50,334.7188888888889,13,0,0,0,0,1,0,M,1
15594,4,1502.1799999999996,865,153,11,375.5449999999999,38.25,0,0,0,0,0,0,22960,0
15596,4,292.29,107,114,30,73.0725,28.5,0,0,0,0,0,0,22502,1
15601,6,2002.8199999999995,1076,173,8,333.8033333333332,28.833333333333332,0,0,3,1,0,0,85123,0
15611,7,764.34,246,120,0,109.19142857142857,17.142857142857142,0,0,0,1,0,0,23084,0
15615,16,4370.02,2401,136,35,273.12625,8.5,0,6,1,1,3,1,85099,0
15618,4,389.22099999999995,189,50,16,97.30524999999999,12.5,0,0,0,0,0,2,84879,0
15622,12,2666.980000000002,1333,172,9,222.24833333333348,14.333333333333334,0,2,0,1,1,0,85099,0
15625,8,1504.56,1166,135,30,188.07,16.875,0,0,0,0,0,0,21868,1
15628,4,929.7900000000001,623,84,28,232.44750000000002,21,0,0,3,0,0,0,85123,0
15632,5,1640.7100000000003,947,128,51,328.14200000000005,25.6,0,0,0,0,0,1,22570,0
15640,8,5032.95,2947,161,8,629.11875,20.125,0,5,3,2,0,1,85099,0
15643,5,310.29999999999995,66,12,109,62.05999999999999,2.4,0,0,0,1,1,0,23169,1
15660,8,843.3500000000003,641,119,15,105.41875000000003,14.875,0,1,0,1,0,0,22460,0
15671,4,1311.08,792,147,24,327.77,36.75,0,0,0,0,0,0,85152,0
15674,7,1388.9000000000003,877,175,3,198.41428571428577,25,0,0,4,3,4,0,85123,1
15694,4,1475.9,338,70,106,368.975,17.5,0,0,0,1,1,0,22041,0
15696,6,599.4399999999998,158,180,2,99.90666666666664,30,0,0,0,1,1,0,47566,0
15704,4,2293.6200000000017,1028,75,70,573.4050000000004,18.75,0,1,3,0,3,3,47566,1
15706,4,843.4100000000001,285,43,2,210.85250000000002,10.75,0,0,1,0,0,0,23133,0
15708,5,1049.78,374,87,64,209.956,17.4,0,0,2,2,0,0,84997,0
15719,8,2695.419999999999,1448,147,29,336.9274999999999,18.375,0,7,4,0,6,0,85099,0
15727,4,2517.6899999999987,1817,141,37,629.4224999999997,35.25,0,0,2,1,0,0,22197,0
15737,10,997.5999999999999,526,170,2,99.75999999999999,17,0,0,0,0,1,0,22171,0
15738,7,1848.3600000000004,1036,130,26,264.05142857142863,18.571428571428573,0,0,0,0,0,0,47590,0
15752,5,1454.3000000000002,1233,156,23,290.86,31.2,0,4,0,0,0,0,84596,0
15755,5,1743.9400000000003,1100,161,4,348.78800000000007,32.2,0,1,2,0,0,0,85123,0
15764,9,2124.54,1413,103,11,236.06,11.444444444444445,0,0,0,1,0,0,85053,1
15768,4,581.8299999999999,243,110,45,145.45749999999998,27.5,0,0,0,2,0,0,23230,1
15769,14,18430.239999999998,9560,160,8,1316.445714285714,11.428571428571429,0,6,0,0,0,0,85099,0
15785,4,736.42,453,39,87,184.105,9.75,0,0,0,0,1,0,84078,0
15796,6,1501.7900000000004,517,143,2,250.2983333333334,23.833333333333332,0,1,1,2,0,0,82482,0
15804,13,2604.1599999999994,1588,125,2,200.31999999999996,9.615384615384615,0,0,0,2,0,4,84968,0
15805,11,2596.99,1665,127,36,236.08999999999997,11.545454545454545,0,3,0,0,3,0,85099,0
15810,6,768.1099999999997,487,153,8,128.0183333333333,25.5,0,0,0,0,0,0,23206,1
15827,10,985.7599999999999,541,163,3,98.576,16.3,0,0,0,4,0,0,22720,1
15838,11,12816.860000000006,7221,171,7,1165.1690909090914,15.545454545454545,0,5,0,0,0,0,85099,0
15841,4,882.5000000000003,798,145,2,220.62500000000009,36.25,0,0,0,0,0,0,35810,0
15845,6,1776.52,1087,138,16,296.08666666666664,23,0,0,0,0,0,3,84978,0
15854,6,1783.2400000000005,579,121,16,297.20666666666676,20.166666666666668,0,0,1,0,0,0,15056,0
15855,4,616.4399999999997,402,103,66,154.10999999999993,25.75,0,0,0,0,3,0,47566,1
15856,14,6503.6399999999985,5109,157,25,464.54571428571415,11.214285714285714,0,0,6,0,0,1,79190,0
15860,6,772.5399999999994,313,177,5,128.75666666666658,29.5,0,1,1,0,1,0,23237,0
15867,6,2022.0100000000004,1010,171,0,337.0016666666667,28.5,0,0,0,5,1,2,48184,0
15874,4,1300.4000000000005,939,72,107,325.10000000000014,18,0,0,1,0,1,0,22773,0
15920,4,167.49999999999994,99,0,84,41.874999999999986,0,0,0,0,0,0,0,21713,1
15932,7,1512.210000000001,1481,152,18,216.03000000000014,21.714285714285715,0,0,1,0,1,1,37342,0
15939,9,4072.2600000000007,3458,156,19,452.4733333333334,17.333333333333332,0,0,0,0,0,0,84970,1
15955,10,2383.660000000001,1248,172,1,238.36600000000013,17.2,0,0,1,0,3,0,47566,0
15971,5,1263.2499999999998,502,153,18,252.64999999999995,30.6,0,3,0,0,1,0,85099,0
15974,4,1977.82,1431,116,25,494.455,29,0,0,0,0,1,3,84879,0
15981,5,1979.8799999999992,1114,164,7,395.97599999999983,32.8,0,0,0,0,0,0,23207,0
15984,4,1522.0700000000002,826,162,1,380.51750000000004,40.5,0,1,1,0,0,1,22113,0
15987,5,1092.94,1288,98,50,218.58800000000002,19.6,0,0,0,0,0,0,21713,0
15996,4,389.51,122,77,18,97.3775,19.25,0,0,0,0,1,0,22766,1
16011,8,1595.5500000000002,1024,161,1,199.44375000000002,20.125,0,0,0,0,0,0,23032,0
16013,24,12651.120000000003,4755,174,0,527.1300000000001,7.25,0,0,5,3,4,0,71477,0
16016,4,544.22,209,146,9,136.055,36.5,0,0,0,0,2,0,90201,0
16027,4,534.9,786,126,21,133.725,31.5,0,0,0,0,0,0,21326,1
16029,41,17355.59999999999,11866,162,10,423.3073170731705,3.951219512195122,0,13,0,0,0,0,85099,0
16033,16,4864.889999999986,1896,153,12,304.0556249999991,9.5625,0,0,4,1,6,2,84912,0
16057,6,835.3000000000001,390,115,26,139.21666666666667,19.166666666666668,0,0,1,0,0,0,22295,0
16076,7,1394.6100000000001,979,128,9,199.23000000000002,18.285714285714285,0,0,1,0,0,0,21790,0
16092,4,468.48999999999984,391,98,28,117.12249999999996,24.5,0,0,0,0,0,0,84380,1
16098,5,1153.23,411,146,17,230.64600000000002,29.2,0,0,0,0,0,0,22411,1
16103,5,1413.14,556,153,9,282.62800000000004,30.6,0,0,1,0,0,0,23052,0
16107,4,1810.72,584,93,19,452.68,23.25,0,0,2,1,3,0,47566,0
16115,4,949.06,603,140,2,237.265,35,0,3,0,0,0,0,85099,0
16131,4,2278.5,1244,124,45,569.625,31,0,0,2,1,0,2,21982,0
16133,32,11309.119999999997,6352,175,0,353.4099999999999,5.46875,0,0,0,1,5,0,22139,0
16145,11,1918.800000000001,1850,152,3,174.43636363636372,13.818181818181818,0,0,3,0,3,0,20914,0
16150,4,735.8499999999997,418,42,16,183.96249999999992,10.5,0,0,0,0,1,1,22720,0
16156,7,1431.17,646,134,1,204.45285714285714,19.142857142857142,0,1,0,0,0,0,23108,0
16161,9,2516.239999999999,1277,169,8,279.5822222222221,18.77777777777778,0,5,0,0,0,0,85099,0
16168,16,2228.4400000000005,1188,167,4,139.27750000000003,10.4375,0,0,1,2,0,0,23301,0
16170,6,1556.029999999999,1479,135,42,259.3383333333332,22.5,0,0,0,0,0,0,22349,0
16172,5,1140.21,787,146,25,228.042,29.2,0,0,0,0,4,3,47566,1
16173,4,732.5000000000001,270,20,8,183.12500000000003,5,0,0,0,0,0,0,23298,0
16175,4,1037.5900000000001,533,145,24,259.39750000000004,36.25,0,0,3,0,0,0,85123,1
16180,10,10217.479999999996,5853,152,30,1021.7479999999996,15.2,0,6,0,4,1,0,85099,1
16184,6,982.5500000000001,469,105,35,163.75833333333335,17.5,0,0,0,0,0,3,21754,0
16186,9,2373.850000000001,1999,138,33,263.7611111111112,15.333333333333334,0,0,0,0,0,5,15036,0
16187,13,5536.089999999998,4154,164,5,425.8530769230768,12.615384615384615,0,5,0,1,6,4,47566,0
16209,5,2262.619999999999,1179,157,18,452.5239999999998,31.4,0,0,0,0,0,0,84978,1
16210,6,2730.08,1026,134,16,455.0133333333333,22.333333333333332,0,0,1,1,0,0,21137,0
16218,5,1918.07,1177,91,44,383.614,18.2,0,1,0,0,0,0,82486,0
16241,8,1348.1100000000001,790,151,26,168.51375000000002,18.875,0,2,7,0,5,0,85123,0
16249,4,1440.7700000000004,762,126,42,360.1925000000001,31.5,0,0,0,0,2,1,47566,0
16255,6,1278.9700000000003,1006,150,25,213.16166666666672,25,0,0,0,0,0,0,20914,0
16258,4,3741.0600000000004,2345,92,57,935.2650000000001,23,0,1,0,0,4,0,47566,0
16266,7,861.8899999999999,398,132,3,123.12714285714284,18.857142857142858,0,0,0,0,0,1,22293,1
16283,4,582.45,439,87,50,145.6125,21.75,0,0,0,0,0,0,85124,0
16293,5,749.5200000000002,320,122,15,149.90400000000005,24.4,0,0,1,0,1,1,23298,0
16316,5,928.7899999999998,735,127,8,185.75799999999998,25.4,0,2,0,1,2,0,85099,0
16326,7,1312.33,318,138,5,187.47571428571428,19.714285714285715,0,0,0,0,2,0,48194,0
16332,4,995.9899999999994,503,79,2,248.99749999999986,19.75,0,0,0,0,0,0,15058,0
16333,14,11190.640000000001,16540,153,28,799.3314285714287,10.928571428571429,0,0,0,0,0,0,21915,0
16341,4,1519.4000000000003,1076,121,9,379.8500000000001,30.25,0,2,0,0,0,0,85099,0
16342,4,322.41,157,104,5,80.6025,26,0,4,0,0,0,0,85099,1
16348,5,1050.5399999999997,584,161,8,210.10799999999995,32.2,0,0,0,0,0,0,21080,0
16353,6,2234.4900000000007,826,130,17,372.41500000000013,21.666666666666668,0,0,0,0,0,0,79321,0
16359,6,700.2699999999998,422,149,24,116.71166666666663,24.833333333333332,0,0,0,0,0,0,84836,0
16362,6,305.25,131,6,15,50.875,1,0,0,0,0,0,0,23355,0
16365,4,373.2,86,26,53,93.3,6.5,0,0,0,0,0,0,47599,0
16370,4,1320.5600000000009,647,142,12,330.1400000000002,35.5,0,4,3,0,1,0,85099,1
16393,8,1235.7099999999998,719,144,24,154.46374999999998,18,0,5,0,0,0,0,22384,0
16394,5,812.2100000000003,1426,175,2,162.44200000000006,35,0,0,0,0,0,0,23002,0
16401,12,1770.03,1559,135,16,147.5025,11.25,0,0,0,0,0,0,22197,0
16407,6,1254.4200000000003,662,168,4,209.07000000000005,28,0,0,3,0,1,1,22771,0
16419,4,455.29999999999995,231,56,42,113.82499999999999,14,0,0,0,0,1,3,84947,1
16422,40,19793.620000000014,17569,175,3,494.84050000000036,4.375,0,0,0,0,9,0,22090,0
16458,9,1759.9599999999984,1176,163,2,195.55111111111094,18.11111111111111,0,8,4,0,0,0,85099,0
16466,4,890.51,467,105,33,222.6275,26.25,0,0,4,0,0,0,85123,0
16474,4,451.6599999999998,249,56,19,112.91499999999995,14,0,1,1,0,0,0,37327,0
16493,4,961.8600000000002,869,100,2,240.46500000000006,25,0,0,0,0,0,0,21209,1
16523,15,5364.060000000004,2692,168,0,357.60400000000027,11.2,0,8,0,0,0,0,85099,0
16525,17,5793.399999999999,3472,162,9,340.78823529411756,9.529411764705882,0,0,2,0,2,0,82482,0
16550,7,1720.6399999999996,1272,126,38,245.80571428571423,18,0,0,0,1,3,0,22197,1
16553,8,2876.8799999999997,2288,78,93,359.60999999999996,9.75,0,0,0,0,0,1,15044,1
16556,4,1605.3800000000006,793,139,35,401.34500000000014,34.75,0,0,2,1,4,1,48194,0
16558,10,2752.160000000001,2302,166,8,275.2160000000001,16.6,0,3,0,2,7,0,47566,0
16570,6,1167.1299999999999,797,77,57,194.52166666666665,12.833333333333334,0,0,0,0,0,2,84970,0
16592,11,1735.1500000000003,1440,115,66,157.74090909090913,10.454545454545455,0,0,0,0,0,0,22464,0
16607,7,1323.7099999999996,1627,167,3,189.1014285714285,23.857142857142858,0,0,0,0,0,0,22558,0
16609,8,3987.3199999999974,1859,171,11,498.4149999999997,21.375,0,2,5,2,0,0,84997,0
16626,10,1835.64,1162,112,2,183.56400000000002,11.2,0,2,0,0,0,0,23032,0
16628,5,1614.83,841,128,36,322.966,25.6,0,2,0,0,0,0,48194,0
16633,4,1509,597,156,8,377.25,39,0,0,0,1,3,0,47590,0
16652,7,2821.7499999999995,1318,139,30,403.1071428571428,19.857142857142858,0,0,0,4,0,0,22423,0
16654,4,367.57,217,93,71,91.8925,23.25,0,0,0,0,0,0,22305,1
16656,11,5704.160000000003,5856,147,9,518.5600000000003,13.363636363636363,0,0,0,0,0,0,21704,0
16668,4,215.76000000000002,174,97,46,53.940000000000005,24.25,0,0,0,0,0,0,23280,0
16670,6,1827.2799999999997,1332,159,18,304.5466666666666,26.5,0,2,3,1,2,0,85123,0
16672,20,6110.55,2112,174,2,305.52750000000003,8.7,0,0,0,0,0,0,22467,0
16678,7,1825.1200000000001,1456,151,28,260.7314285714286,21.571428571428573,0,0,0,0,2,0,71459,0
16681,5,1468.74,1161,155,2,293.748,31,0,0,0,0,0,0,22971,1
16684,12,18643.6,13247,107,63,1553.6333333333332,8.916666666666666,0,0,0,2,0,0,23206,0
16686,4,1773.960000000002,1137,140,28,443.4900000000005,35,0,0,0,0,0,0,85114,0
16696,4,657.9000000000001,146,112,65,164.47500000000002,28,0,0,0,0,2,0,47566,1
16700,11,2625.47,2141,171,10,238.6790909090909,15.545454545454545,0,4,0,0,0,1,85099,0
16701,10,2252.62,3676,116,59,225.262,11.6,0,0,0,0,0,0,79163,0
16705,13,6496.8,2273,166,4,499.75384615384615,12.76923076923077,0,0,4,1,3,0,84997,0
16709,4,1909.34,488,160,14,477.335,40,0,0,0,1,0,1,22350,1
16710,4,1204.0099999999995,1026,139,4,301.0024999999999,34.75,0,0,0,2,0,0,22629,0
16712,6,1778.0800000000015,874,117,25,296.3466666666669,19.5,0,0,0,0,0,0,20726,0
16713,9,2765.2999999999993,2092,173,3,307.2555555555555,19.22222222222222,0,0,0,3,0,1,85231,0
16717,4,721.9399999999999,394,76,25,180.48499999999999,19,0,0,3,0,2,0,82486,0
16722,9,2524.5499999999997,2890,128,29,280.50555555555553,14.222222222222221,0,1,0,0,0,0,21495,0
16729,23,6028.76999999999,4640,170,0,262.1204347826083,7.391304347826087,0,5,6,0,9,13,22659,0
16735,6,1608.8499999999995,1169,160,8,268.1416666666666,26.666666666666668,0,1,2,0,0,1,22488,1
16743,5,1048.5500000000004,997,98,43,209.7100000000001,19.6,0,0,0,0,0,0,23154,0
16744,4,628.5299999999997,336,97,5,157.13249999999994,24.25,0,0,0,0,0,1,85032,0
16745,12,4879.280000000005,4144,159,16,406.6066666666671,13.25,0,4,0,0,0,0,85099,1
16746,11,3755.609999999999,2850,160,5,341.4190909090908,14.545454545454545,0,6,0,1,0,0,85099,0
16750,4,509.18999999999994,168,158,3,127.29749999999999,39.5,0,0,0,0,0,0,85111,0
16755,4,1168.5699999999995,865,111,44,292.14249999999987,27.75,0,1,3,0,2,0,85123,1
16764,6,1085.7200000000003,482,70,2,180.95333333333338,11.666666666666666,0,1,5,0,0,0,84596,0
16767,5,2594.6400000000003,2474,125,23,518.9280000000001,25,0,2,0,0,0,0,23206,0
16774,4,535.6,222,62,46,133.9,15.5,0,0,0,0,3,0,47566,0
16775,6,780.9799999999999,236,133,2,130.16333333333333,22.166666666666668,0,0,4,0,3,0,85123,0
16779,11,4407.929999999998,2430,172,1,400.7209090909089,15.636363636363637,0,3,0,0,0,0,71053,0
16782,6,693.0100000000002,222,147,7,115.50166666666671,24.5,0,0,2,0,1,0,21936,0
16794,6,708.1799999999995,682,91,19,118.02999999999992,15.166666666666666,0,0,0,0,0,0,22384,0
16806,4,801.4899999999998,378,135,33,200.37249999999995,33.75,0,0,0,0,0,2,84978,1
16813,8,1299.8900000000006,1257,126,8,162.48625000000007,15.75,0,8,0,0,0,0,85099,0
16814,10,3191.5499999999997,1449,153,17,319.155,15.3,0,0,0,0,0,3,22771,0
16817,4,562.1800000000003,255,73,105,140.54500000000007,18.25,0,0,0,0,0,0,84816,0
16818,12,3190.2099999999996,2104,134,1,265.8508333333333,11.166666666666666,0,0,0,1,0,1,21422,0
16837,10,1908.4900000000005,726,88,87,190.84900000000005,8.8,0,0,0,4,3,1,22501,0
16839,15,7703.32,4106,140,4,513.5546666666667,9.333333333333334,0,3,0,0,1,0,21340,0
16841,5,1148.48,1632,106,37,229.696,21.2,0,0,0,0,0,0,84665,0
16843,11,6809.779999999997,7940,147,23,619.0709090909088,13.363636363636363,0,3,0,0,0,0,85183,0
16859,4,213.3,280,38,36,53.325,9.5,0,0,0,0,0,0,72807,1
16873,5,1697.7800000000004,1008,117,57,339.5560000000001,23.4,0,1,0,0,0,0,82482,0
16880,6,1109.0200000000004,607,89,29,184.83666666666673,14.833333333333334,0,0,0,0,0,0,22499,0
16904,9,1983.3700000000017,1129,130,24,220.37444444444463,14.444444444444445,0,3,1,1,1,0,84596,0
16906,4,579.7700000000002,281,166,11,144.94250000000005,41.5,0,1,2,1,1,0,48187,1
16910,4,755.0799999999994,466,13,7,188.76999999999984,3.25,0,1,2,0,0,0,85032,0
16912,5,796.9899999999999,259,73,64,159.39799999999997,14.6,0,0,0,1,1,0,23284,0
16919,9,2056.4400000000005,1202,92,86,228.4933333333334,10.222222222222221,0,0,0,0,2,0,84596,1
16923,13,2301.4600000000014,1124,136,29,177.03538461538471,10.461538461538462,0,0,2,2,0,0,22698,0
16928,15,2516.350000000001,1849,172,10,167.75666666666672,11.466666666666667,0,0,0,1,0,0,22775,1
16931,10,2038.670000000001,1461,168,5,203.8670000000001,16.8,0,1,5,0,2,1,85123,0
16942,8,1422.6600000000012,593,91,66,177.83250000000015,11.375,0,4,1,0,0,3,85099,0
16945,8,1835.9599999999984,1142,116,15,229.4949999999998,14.5,0,5,0,0,1,0,85099,0
16966,6,1480.5600000000002,1318,76,93,246.76000000000002,12.666666666666666,0,0,0,0,0,0,21890,0
16984,5,4392.419999999997,2408,52,8,878.4839999999995,10.4,0,1,0,3,2,1,85099,1
16985,4,1977.98,584,123,18,494.495,30.75,0,0,3,0,2,2,85123,0
16998,5,197.02000000000004,49,54,79,39.40400000000001,10.8,0,0,0,0,0,0,22371,1
17001,5,1687.3999999999999,939,154,21,337.47999999999996,30.8,0,5,0,0,0,0,85099,0
17017,10,2539.6199999999994,2112,167,2,253.96199999999993,16.7,0,0,0,0,0,0,22993,0
17042,4,922.8199999999999,892,125,51,230.70499999999998,31.25,0,0,0,0,4,0,47566,0
17049,6,2309.4000000000005,1051,130,14,384.9000000000001,21.666666666666668,0,4,0,0,0,1,85099,0
17054,5,1204.8200000000008,737,110,64,240.96400000000017,22,0,0,0,0,0,0,84596,0
17061,12,5116.129999999998,1484,158,3,426.3441666666665,13.166666666666666,0,0,0,4,6,0,47566,1
17068,12,2582.1900000000005,1210,155,14,215.18250000000003,12.916666666666666,0,5,0,0,1,0,22379,0
17069,8,1434.7299999999996,806,165,7,179.34124999999995,20.625,0,0,0,2,0,0,22665,0
17071,7,1156.0399999999995,461,153,15,165.14857142857136,21.857142857142858,0,0,1,0,3,0,47566,0
17091,5,1803.8499999999988,949,141,28,360.76999999999975,28.2,0,3,0,0,2,0,85099,0
17097,5,335.3899999999999,133,14,30,67.07799999999997,2.8,0,0,1,0,0,0,23174,0
17114,6,271.99999999999994,44,110,68,45.33333333333332,18.333333333333332,0,0,1,1,0,0,82482,0
17115,4,582.22,256,54,109,145.555,13.5,0,1,1,3,2,0,22423,0
17126,4,486.52999999999975,519,0,82,121.63249999999994,0,0,0,1,0,0,1,85032,1
17139,8,4971.319999999999,2641,125,15,621.4149999999998,15.625,0,1,1,4,0,2,23209,0
17160,5,3001.1799999999994,2417,132,39,600.2359999999999,26.4,0,2,0,0,0,0,23206,0
17162,7,819.2499999999998,421,114,61,117.03571428571425,16.285714285714285,0,0,0,0,0,1,48187,0
17193,4,739.3000000000001,238,90,16,184.82500000000002,22.5,0,0,0,0,0,0,23240,0
17204,6,705.8000000000001,246,71,99,117.63333333333334,11.833333333333334,0,0,0,0,1,0,47590,1
17220,8,1565.4600000000014,1169,135,1,195.68250000000018,16.875,0,0,0,0,0,1,21123,0
17231,4,956.3200000000007,553,89,56,239.08000000000018,22.25,0,0,0,0,0,2,85049,0
17238,6,1226.710000000001,587,126,14,204.45166666666682,21,0,2,0,0,1,0,84997,0
17243,12,2278.0099999999998,746,172,8,189.83416666666665,14.333333333333334,0,0,3,2,0,0,72802,0
17268,4,763.64,844,137,37,190.91,34.25,0,0,0,0,0,0,84947,1
17284,5,767.1300000000005,667,115,50,153.4260000000001,23,0,0,0,0,0,0,22900,0
17287,4,657.6000000000001,363,177,4,164.40000000000003,44.25,0,0,0,2,0,3,84879,0
17293,4,648.0200000000001,397,71,15,162.00500000000002,17.75,0,0,0,0,0,2,85049,0
17306,10,4448.5,6099,133,1,444.85,13.3,0,0,0,0,0,0,22988,0
17315,21,3110.9199999999973,2110,164,5,148.1390476190475,7.809523809523809,0,2,3,0,6,1,22699,0
17323,4,390.5100000000002,385,90,54,97.62750000000005,22.5,0,0,0,0,0,0,85049,0
17337,5,953.0000000000003,549,99,81,190.60000000000008,19.8,0,0,1,0,0,0,85017,1
17338,5,2530.0700000000015,1215,121,44,506.0140000000003,24.2,0,1,4,0,0,0,72807,0
17340,11,4025.9600000000023,1800,164,7,365.99636363636387,14.909090909090908,0,0,0,1,3,0,84949,0
17346,5,912.7999999999995,761,134,33,182.5599999999999,26.8,0,5,2,0,0,0,85099,0
17370,4,446.18,540,96,2,111.545,24,0,0,0,0,0,0,23034,1
17377,4,738.6499999999997,546,98,4,184.66249999999994,24.5,0,0,3,0,3,0,85049,0
17381,15,9059.050000000003,13026,151,29,603.9366666666668,10.066666666666666,0,0,0,0,0,0,21703,0
17386,5,1697.3400000000001,1022,66,29,339.468,13.2,0,0,0,0,0,0,22791,0
17389,25,12510.479999999998,2758,170,4,500.41919999999993,6.8,0,3,0,0,0,0,85066,0
17396,5,4404.299999999999,999,0,78,880.8599999999999,0,0,0,0,1,0,0,M,0
17402,6,1275.7800000000002,324,148,15,212.63000000000002,24.666666666666668,0,0,0,0,0,0,22619,0
17404,6,13822.640000000001,13637,123,17,2303.7733333333335,20.5,0,0,0,0,0,0,84077,0
17416,6,3754.0200000000036,2234,126,7,625.6700000000006,21,0,1,0,0,1,0,85132,0
17422,7,1306.8299999999997,1487,134,16,186.68999999999997,19.142857142857142,0,0,0,0,0,2,21382,0
17428,15,10589.08,5842,163,7,705.9386666666667,10.866666666666667,0,0,0,1,0,1,23173,0
17429,4,512.12,616,98,50,128.03,24.5,0,0,0,0,0,0,20914,1
17440,5,177.1,232,99,77,35.42,19.8,0,0,0,0,0,0,84945,1
17442,5,1477.1099999999992,957,126,23,295.42199999999985,25.2,0,0,0,0,0,1,22729,0
17450,32,121128.90000000001,45737,162,0,3785.2781250000003,5.0625,0,0,5,0,0,0,POST,0
17469,5,1464.1599999999987,606,132,2,292.83199999999977,26.4,0,3,1,0,3,1,85099,0
17490,4,995.7499999999999,431,103,3,248.93749999999997,25.75,0,0,0,0,0,0,23251,0
17491,5,1216.8100000000002,466,109,4,243.36200000000002,21.8,0,0,0,0,0,0,22846,0
17504,7,1098.8399999999997,524,11,136,156.9771428571428,1.5714285714285714,0,0,0,0,0,0,84946,1
17511,20,38662.92999999998,25148,167,3,1933.146499999999,8.35,0,6,6,2,5,1,22197,0
17512,4,798.8800000000001,940,97,51,199.72000000000003,24.25,0,0,0,0,0,0,84755,0
17522,4,912.25,932,79,68,228.0625,19.75,0,0,0,1,0,0,51014,0
17527,4,747.6600000000001,415,137,10,186.91500000000002,34.25,0,0,0,1,0,0,84800,0
17530,5,1118.08,743,147,15,223.61599999999999,29.4,0,0,0,0,0,0,85049,0
17562,6,837.8800000000001,671,86,17,139.64666666666668,14.333333333333334,0,0,0,0,1,0,23203,0
17567,4,1138.2499999999998,757,154,9,284.56249999999994,38.5,0,0,0,0,0,1,84970,0
17576,10,1798.3900000000008,1040,168,3,179.83900000000008,16.8,0,0,2,2,2,0,22989,0
17581,17,6045.260000000005,3310,140,2,355.603529411765,8.235294117647058,0,4,0,0,3,0,85099,0
17593,4,2570.46,1881,74,21,642.615,18.5,0,0,0,0,0,0,90129,0
17611,8,1564.4299999999998,929,169,2,195.55374999999998,21.125,0,1,2,0,0,0,90200,0
17612,7,1327.7399999999998,1143,132,11,189.67714285714283,18.857142857142858,0,1,0,0,0,0,21137,0
17613,9,2365.7300000000023,1095,171,11,262.85888888888917,19,0,1,6,0,0,3,85123,0
17629,4,559.7299999999999,550,130,50,139.93249999999998,32.5,0,0,0,0,2,0,84380,0
17634,5,839.7599999999996,362,142,22,167.95199999999994,28.4,0,0,2,0,0,0,85123,0
17644,11,1590.8899999999994,1052,169,8,144.62636363636358,15.363636363636363,0,2,0,0,2,0,22558,0
17648,4,1099.4399999999998,288,87,92,274.85999999999996,21.75,0,0,0,1,0,0,82484,0
17651,7,1767.4099999999994,1083,97,9,252.48714285714277,13.857142857142858,0,2,0,0,1,0,22171,0
17652,9,2960.4799999999996,1543,149,14,328.9422222222222,16.555555555555557,0,4,5,0,2,0,47590,0
17656,5,1674.6899999999996,1399,55,3,334.93799999999993,11,0,0,0,0,0,0,82494,1
17659,7,1147.4800000000002,672,99,30,163.92571428571432,14.142857142857142,0,0,1,0,0,0,23084,0
17663,6,901.7800000000001,412,156,7,150.29666666666668,26,0,0,2,2,0,2,82552,0
17669,6,3194.7200000000003,1796,164,15,532.4533333333334,27.333333333333332,0,3,1,0,0,0,85099,0
17671,4,415.74,221,76,64,103.935,19,0,0,0,0,0,0,84625,0
17675,21,10254.47999999999,4155,177,0,488.308571428571,8.428571428571429,0,5,8,0,11,5,47566,0
17676,4,425.73,309,24,36,106.4325,6,0,0,1,0,0,0,23208,0
17677,23,8481.669999999998,5064,166,11,368.76826086956515,7.217391304347826,0,6,0,0,1,0,85099,0
17682,5,1492.85,777,132,45,298.57,26.4,0,0,2,0,2,4,84978,0
17686,5,3517.4800000000037,1567,119,10,703.4960000000008,23.8,0,3,1,1,2,0,85099,0
17690,5,1848.6300000000003,668,145,31,369.72600000000006,29,0,0,0,0,0,1,22625,0
17696,9,1342.04,909,97,18,149.11555555555555,10.777777777777779,0,0,0,0,1,0,21528,0
17702,4,1322.27,1041,127,9,330.5675,31.75,0,2,0,0,0,0,46000,0
17705,6,899.2199999999999,547,140,4,149.86999999999998,23.333333333333332,0,1,0,0,0,0,22727,0
17706,12,6782.329999999996,2569,87,30,565.1941666666663,7.25,0,3,2,1,1,0,85099,0
17716,9,4186.650000000001,2275,173,5,465.1833333333334,19.22222222222222,0,0,4,1,0,0,85123,0
17719,16,4480.830000000003,1908,172,5,280.05187500000017,10.75,0,0,0,0,0,0,22727,0
17723,6,3276.4,792,87,57,546.0666666666667,14.5,0,0,0,0,6,0,47566,1
17725,11,2435.4199999999996,1588,179,0,221.40181818181816,16.272727272727273,0,0,0,0,0,0,85159,0
17730,6,2449.11,1916,155,8,408.185,25.833333333333332,0,0,0,0,0,0,22667,0
17731,5,878.1999999999999,392,104,9,175.64,20.8,0,0,0,3,4,1,47566,1
17735,12,8542.700000000006,5151,152,23,711.8916666666672,12.666666666666666,0,8,0,2,5,0,85099,0
17750,6,1401.0900000000004,3027,81,12,233.51500000000007,13.5,0,0,0,0,0,0,22998,0
17757,12,1917.6000000000022,1019,172,0,159.80000000000018,14.333333333333334,0,0,0,0,7,0,47566,0
17758,5,2122.2299999999996,1262,170,9,424.4459999999999,34,0,3,0,0,2,0,85049,0
17774,4,995.4700000000004,422,152,26,248.8675000000001,38,0,0,3,2,2,0,72800,1
17790,6,847.1599999999995,361,126,50,141.19333333333324,21,0,0,5,0,0,0,85123,0
17799,4,1256.2800000000007,685,142,29,314.07000000000016,35.5,0,2,1,1,0,0,85099,0
17800,5,676.9000000000001,397,126,21,135.38000000000002,25.2,0,0,0,0,4,0,47599,0
17809,6,276.71999999999997,299,116,59,46.12,19.333333333333332,0,0,0,0,0,0,22988,0
17811,22,2033.6100000000008,1118,173,3,92.43681818181823,7.863636363636363,0,2,0,0,3,0,22844,0
17819,4,1868.7500000000002,493,168,1,467.18750000000006,42,0,0,0,3,2,0,22423,1
17828,5,1048.16,473,83,31,209.632,16.6,0,0,1,0,0,0,72807,0
17837,5,533.2500000000001,167,87,5,106.65000000000002,17.4,0,0,2,0,0,0,85071,0
17841,81,18762.530000000075,10823,176,2,231.6361728395071,2.1728395061728394,0,21,7,3,14,0,21927,0
17848,6,687.2900000000001,295,168,11,114.54833333333335,28,0,0,0,0,0,1,21340,1
17857,11,12603.48,5174,175,2,1145.770909090909,15.909090909090908,0,0,0,0,0,0,22726,0
17858,4,1302.5900000000001,280,85,12,325.64750000000004,21.25,0,0,0,1,0,0,82486,0
17861,4,801.9900000000004,676,20,66,200.4975000000001,5,0,0,0,0,0,0,23242,0
17865,16,5563.129999999995,2749,160,9,347.69562499999967,10,0,0,0,7,0,0,22423,0
17867,4,370.38,84,125,7,92.595,31.25,0,0,0,0,0,0,18097,0
17869,4,213.85999999999999,44,138,37,53.464999999999996,34.5,0,0,0,0,0,0,47590,1
17870,8,578.4100000000002,467,63,1,72.30125000000002,7.875,0,0,0,0,0,0,84984,0
17873,4,1063.4299999999998,568,160,10,265.85749999999996,40,0,0,0,0,0,0,85152,1
17874,6,593.0999999999999,161,40,115,98.84999999999998,6.666666666666667,0,1,0,2,0,0,85036,1
17888,4,115.25,52,133,9,28.8125,33.25,0,0,0,1,0,0,51014,0
17900,4,14.999999999999986,1,25,94,3.7499999999999964,6.25,0,0,0,0,0,0,46000,1
17920,7,1738.0600000000006,1305,158,8,248.2942857142858,22.571428571428573,0,0,0,1,1,0,84580,0
17940,11,564.7,3535,140,38,51.33636363636364,12.727272727272727,0,0,0,0,0,0,22616,0
17949,35,43317.72000000001,18462,155,0,1237.649142857143,4.428571428571429,0,0,0,4,0,0,22197,0
17954,4,937.0599999999996,629,103,53,234.2649999999999,25.75,0,3,0,0,1,0,85135,0
17955,4,557.3,273,20,128,139.325,5,0,0,0,0,0,0,23054,1
17961,24,594.6399999999996,341,174,0,24.776666666666653,7.25,0,0,0,0,0,0,85035,0
17965,7,1211.1100000000006,785,161,21,173.01571428571438,23,0,0,0,0,1,0,84997,0
17975,7,1993.0100000000002,753,112,44,284.71571428571434,16,0,0,0,0,0,0,82483,0
17988,5,71.06,12,44,47,14.212,8.8,0,0,0,0,0,0,23173,0
17997,12,1511.3000000000013,2078,89,4,125.94166666666678,7.416666666666667,0,1,0,0,0,0,84926,1
18008,6,1225.28,906,172,0,204.21333333333334,28.666666666666668,0,0,0,0,0,0,22567,1
18041,8,1442.1000000000015,1015,174,0,180.2625000000002,21.75,0,0,0,0,1,0,22367,0
18044,5,1101.88,515,161,17,220.37600000000003,32.2,0,0,0,1,0,0,22971,0
18061,5,976.18,302,138,37,195.236,27.6,0,0,0,0,0,0,21658,0
18065,8,1199.14,540,132,16,149.8925,16.5,0,0,1,0,0,0,23284,0
18073,13,3864.440000000002,3098,82,44,297.2646153846155,6.3076923076923075,0,0,0,0,0,0,84946,1
18075,4,810.2899999999998,409,98,36,202.57249999999996,24.5,0,0,2,1,0,1,85123,0
18077,4,959.4800000000002,762,123,33,239.87000000000006,30.75,0,0,0,0,0,0,22301,0
18092,5,4043.6799999999994,2346,140,16,808.7359999999999,28,0,0,0,4,0,0,22699,0
18094,6,2512.58,2254,156,11,418.7633333333333,26,0,1,0,0,0,0,21175,1
18097,4,1349.2700000000002,891,104,30,337.31750000000005,26,0,0,0,0,0,2,72351,0
18102,34,131661.19000000006,30693,162,2,3872.3879411764724,4.764705882352941,0,1,0,0,0,0,82484,0
18109,16,3564.3399999999992,3097,178,2,222.77124999999995,11.125,0,0,3,0,0,0,85066,0
18118,14,2106.0400000000022,1076,175,7,150.43142857142874,12.5,0,6,6,0,4,0,85099,0
18142,4,1014.9,1273,64,81,253.725,16,0,0,0,0,0,0,22149,1
18144,6,1318.3000000000004,560,149,8,219.71666666666673,24.833333333333332,0,0,0,0,2,3,84879,0
18171,5,731.06,246,139,29,146.212,27.8,0,0,0,0,3,3,84879,0
18172,14,4071.0100000000007,1664,149,8,290.78642857142864,10.642857142857142,0,0,6,0,1,3,85123,0
18177,5,841.5199999999999,460,75,87,168.30399999999997,15,0,2,0,0,0,0,85099,0
18178,4,939.4599999999998,692,126,43,234.86499999999995,31.5,0,1,0,0,0,0,84755,1
18180,4,1206.3600000000001,916,62,10,301.59000000000003,15.5,0,0,0,1,0,0,84029,0
18198,13,2953.369999999999,2210,167,1,227.1823076923076,12.846153846153847,0,0,0,0,0,0,22178,0
18204,4,1979.3000000000002,1198,121,1,494.82500000000005,30.25,0,0,0,2,0,0,85049,1
18219,5,882.7600000000001,409,85,79,176.55200000000002,17,0,0,2,1,0,2,84978,0
18221,4,698.5600000000001,444,95,45,174.64000000000001,23.75,0,0,0,2,2,1,47566,0
18223,11,1805.9499999999994,753,133,2,164.17727272727268,12.090909090909092,0,5,0,0,3,2,85099,0
18225,7,2744.4999999999995,1532,131,2,392.0714285714285,18.714285714285715,0,4,1,0,0,0,85099,0
18226,9,3870.399999999999,2567,165,7,430.04444444444437,18.333333333333332,0,4,1,0,6,0,47566,0
18229,11,4118.560000000001,1714,169,0,374.4145454545456,15.363636363636363,0,0,0,0,0,0,23209,0
18230,4,1681.5400000000009,818,158,24,420.3850000000002,39.5,0,0,0,0,0,0,82582,0
18232,5,582.47,299,115,11,116.494,23,0,0,0,0,0,0,23298,1
18236,5,773.7399999999999,339,160,9,154.748,32,0,0,0,0,0,0,23298,0
18241,14,1628.9200000000012,840,143,4,116.35142857142866,10.214285714285714,0,2,3,0,2,0,85014,0
18242,4,2232.4900000000007,1017,141,2,558.1225000000002,35.25,0,0,0,1,2,2,84879,1
18245,4,867.8999999999995,711,62,79,216.97499999999988,15.5,0,0,1,0,1,0,84970,0
18248,4,783.02,501,72,43,195.755,18,0,0,1,0,0,0,21314,1
18257,5,1150.4699999999996,579,92,44,230.0939999999999,18.4,0,1,1,1,0,0,23199,0
18260,4,1276.7300000000002,632,67,102,319.18250000000006,16.75,0,0,0,1,2,2,47590,1
18272,5,2092.65,1459,133,43,418.53000000000003,26.6,0,0,0,0,0,0,84997,0
18283,7,802.7700000000012,555,136,25,114.68142857142875,19.428571428571427,0,6,3,0,0,0,85099,0
