customerid,trips,amount_of_yen,quantity,purchase_period,purchase_recency,purchase_amount_per_trips,regularity,trips_cancellation,trips_cat85099,trips_cat85123,trips_cat22423,trips_cat47566,trips_cat84879,trips_cat20725,trips_cat22720,trips_catpost,trips_cat23203,trips_cat22383,mode_category,tgt
12352,8,601.18,188,34,100,75.1475,4.25,0,0,0,1,0,0,0,0,2,0,0,M,0
12359,4,3459.93,961,141,27,864.9825,35.25,0,1,0,2,1,0,0,1,0,0,0,82613,1
12383,5,1238.59,775,146,22,247.718,29.2,0,0,0,0,0,0,0,0,4,0,0,84997,1
12395,7,1035.9,837,176,0,147.985714285714,25.1428571428571,0,0,0,1,0,0,0,0,5,0,0,POST,0
12408,6,1460.79,725,97,1,243.465,16.1666666666667,0,1,0,0,0,0,0,0,2,0,0,85099,0
12413,4,499.95,201,100,74,124.9875,25,0,2,0,0,0,0,0,0,2,0,0,POST,1
12415,11,73717.01,47030,160,15,6701.54636363636,14.5454545454545,0,1,0,3,1,0,1,2,1,1,0,84997,0
12417,6,1556.58,623,149,25,259.43,24.8333333333333,0,0,0,0,0,0,0,1,4,0,0,POST,0
12423,5,1213.76,799,99,29,242.752,19.8,0,1,0,0,0,0,1,1,5,0,0,POST,0
12428,8,6236.23,2741,41,80,779.52875,5.125,0,1,1,0,1,0,0,1,4,0,0,POST,0
12431,7,2351.68,1007,124,28,335.954285714286,17.7142857142857,0,0,0,0,0,0,0,0,1,0,0,84945,0
12437,10,2421.98,1638,153,15,242.198,15.3,0,0,0,2,1,0,1,0,8,0,0,POST,0
12457,5,842.35,291,5,71,168.47,1,0,0,0,0,1,0,0,0,2,0,0,23199,0
12463,5,974.39,571,66,13,194.878,13.2,0,0,0,1,0,0,0,0,4,1,0,POST,1
12464,4,544.85,54,108,38,136.2125,27,0,0,0,0,0,0,0,0,3,0,0,POST,0
12471,19,4182.33,1420,134,42,220.122631578948,7.05263157894737,0,0,0,9,0,0,0,4,6,0,0,22423,0
12472,5,2534.62,1582,138,17,506.924,27.6,0,0,0,5,0,0,0,0,3,0,0,85049,0
12474,16,3094.42,1914,163,4,193.40125,10.1875,0,0,0,1,0,0,0,0,8,0,0,POST,0
12476,7,2364.9,817,108,41,337.842857142857,15.4285714285714,0,0,0,2,0,2,0,2,4,0,0,POST,0
12481,7,3304.96,2028,157,17,472.137142857143,22.4285714285714,0,0,0,0,0,1,0,0,4,2,0,POST,1
12483,8,1257.61,624,155,21,157.20125,19.375,0,0,0,0,0,0,1,0,5,0,0,POST,0
12494,4,635.84,269,142,34,158.96,35.5,0,0,0,0,0,0,2,0,2,0,2,84997,0
12500,5,1395.84,981,165,6,279.168,33,0,1,0,0,0,0,0,0,5,0,0,POST,0
12520,4,1645.81,936,68,42,411.4525,17,0,0,0,3,2,0,0,0,3,0,0,21843,0
12523,4,500.19,271,78,90,125.0475,19.5,0,0,0,1,0,0,0,1,1,0,0,23231,0
12524,6,3122.48,2290,171,0,520.413333333334,28.5,0,0,0,0,0,0,2,0,6,0,2,POST,1
12539,4,2801.84,1620,71,100,700.46,17.75,0,0,0,2,3,0,0,2,0,0,1,84509,1
12540,7,5555.81,2702,146,24,793.687142857143,20.8571428571429,0,0,0,4,0,5,0,0,6,0,0,POST,0
12553,8,1698.32,939,125,42,212.29,15.625,0,3,0,0,0,0,3,0,4,0,0,84997,0
12567,6,3878.38,1624,128,17,646.396666666667,21.3333333333333,0,1,0,0,0,1,1,1,3,0,0,23206,0
12569,8,1378.04,612,90,0,172.255,11.25,0,0,0,0,0,0,0,0,7,0,0,POST,0
12583,7,2786.01,2642,165,9,398.001428571428,23.5714285714286,0,0,0,0,0,0,0,0,7,0,0,POST,0
12584,4,573.04,109,116,1,143.26,29,0,0,0,0,0,0,0,2,1,0,0,22848,0
12594,8,1789.95,918,139,21,223.74375,17.375,0,0,0,0,0,0,0,0,5,0,0,POST,0
12598,4,1265.34,662,63,58,316.335,15.75,0,0,0,0,0,0,0,0,2,0,0,22181,0
12599,4,598.14,537,139,2,149.535,34.75,0,0,0,0,0,0,0,0,4,0,0,POST,0
12600,5,1023.16,261,105,42,204.632,21,0,0,0,0,0,2,0,0,5,0,0,POST,0
12601,6,569.56,244,142,27,94.9266666666667,23.6666666666667,0,0,0,0,0,0,0,0,5,0,0,POST,1
12613,4,1462.52,759,64,35,365.63,16,0,2,0,0,0,0,0,1,3,0,0,POST,1
12621,11,6645.32,3722,125,10,604.12,11.3636363636364,0,1,0,2,0,0,3,0,8,2,3,POST,0
12626,5,1981.29,1009,164,0,396.258,32.8,0,1,0,0,0,0,0,0,3,1,0,POST,0
12637,6,2323.1,1073,84,77,387.183333333334,14,0,1,0,1,0,0,1,1,3,0,2,84927,0
12643,5,2142.42,1109,160,10,428.484,32,0,0,0,0,0,0,0,0,5,0,0,POST,0
12662,5,1543.9,853,121,25,308.78,24.2,0,1,0,0,0,0,0,0,4,0,0,POST,0
12678,5,5629.88,3657,108,13,1125.976,21.6,0,1,0,0,0,0,0,0,3,1,0,POST,0
12681,14,6594.23,3654,151,25,471.016428571429,10.7857142857143,0,1,0,4,2,0,1,0,11,0,0,POST,0
12682,11,4987.09,2061,160,15,453.371818181818,14.5454545454545,0,0,0,4,3,0,2,0,10,2,2,15056,0
12683,11,3952.1,2404,153,22,359.281818181818,13.9090909090909,0,0,0,2,0,0,0,0,6,0,0,POST,0
12684,4,1379.48,1274,42,8,344.87,10.5,0,0,0,0,0,0,0,0,3,0,0,POST,1
12693,4,615.77,217,107,49,153.9425,26.75,0,0,0,0,0,0,0,0,3,0,0,POST,0
12705,4,2264.65,1321,68,14,566.1625,17,0,1,0,1,0,0,1,0,1,0,0,85049,0
12708,9,1346.61,736,157,10,149.623333333333,17.4444444444444,0,0,0,1,0,0,0,0,5,0,0,22326,0
12709,9,3616.37,1752,127,28,401.818888888889,14.1111111111111,0,0,0,4,0,0,0,0,2,0,0,22467,0
12712,9,2307.5,556,149,20,256.388888888889,16.5555555555556,0,0,0,0,0,0,0,0,8,0,0,POST,0
12720,10,1955.62,1526,143,7,195.562,14.3,0,1,0,0,0,0,1,0,5,1,0,POST,0
12726,4,1297.04,1609,130,22,324.26,32.5,0,0,0,0,0,0,0,0,4,0,0,POST,0
12727,7,2767.4,1595,133,25,395.342857142857,19,0,0,0,0,1,0,0,1,6,0,0,POST,0
12731,7,8431.77,4122,137,13,1204.53857142857,19.5714285714286,0,0,0,2,0,4,4,0,1,0,0,84879,0
12744,6,4171.81,2475,69,86,695.301666666667,11.5,0,2,1,0,0,0,0,0,0,0,0,M,0
12747,5,1761.43,587,158,2,352.286,31.6,0,2,1,0,0,3,0,0,0,0,0,21136,0
12748,69,7151.39999999998,4405,175,0,103.643478260869,2.53623188405797,0,8,3,1,5,3,2,1,1,1,3,85099,0
12753,6,9111.26,4499,109,65,1518.54333333333,18.1666666666667,0,0,0,0,2,0,2,0,0,0,0,22661,0
12754,5,2949.12,6479,72,73,589.824,14.4,0,0,0,0,0,0,0,0,0,0,0,M,1
12757,11,831.03,456,25,23,75.5481818181818,2.27272727272727,0,1,0,0,0,0,2,0,0,2,1,M,0
12775,5,1129.88,716,121,27,225.976,24.2,0,0,1,0,0,0,0,0,4,0,0,POST,1
12778,4,492.06,458,129,21,123.015,32.25,0,0,0,0,0,0,0,0,4,0,0,POST,1
12779,9,2657.95,1225,137,27,295.327777777778,15.2222222222222,0,0,0,0,0,0,0,2,0,0,0,37450,1
12826,4,657.02,637,155,6,164.255,38.75,0,0,0,0,0,0,0,0,0,0,1,20727,0
12839,4,959.62,674,104,21,239.905,26,0,2,0,0,0,0,0,0,0,1,0,85099,0
12840,5,2138.27,1153,43,20,427.654,8.6,0,2,1,0,0,0,3,0,0,0,0,85099,0
12841,11,1655,1000,156,18,150.454545454545,14.1818181818182,0,0,0,0,7,0,0,0,0,0,0,47566,0
12843,7,1376.51,660,96,6,196.644285714286,13.7142857142857,0,3,2,2,5,0,2,0,0,0,0,47566,0
12845,4,354.09,204,22,105,88.5225,5.5,0,0,0,0,0,0,0,0,0,0,0,84375,1
12853,5,862.6,320,101,52,172.52,20.2,0,0,0,1,0,0,0,0,0,0,0,22926,0
12854,4,775.02,417,77,79,193.755,19.25,0,0,2,2,1,1,0,0,0,0,0,85169,0
12867,4,1989.66,2224,132,3,497.415,33,0,0,0,0,1,3,4,0,0,2,4,79190,0
12868,5,1403.76,816,145,23,280.752,29,0,0,2,1,0,4,0,3,0,0,0,84879,1
12877,7,808.77,395,152,15,115.538571428571,21.7142857142857,0,0,0,0,0,0,0,0,0,0,0,15044,0
12888,4,313.77,68,41,52,78.4425,10.25,0,0,0,0,0,0,0,0,0,0,0,79160,1
12901,20,8697.28,7965,107,1,434.864,5.35,0,0,0,0,0,0,0,0,0,0,0,22713,0
12909,5,1485.92,779,62,29,297.184,12.4,0,2,0,3,0,0,1,0,0,1,0,23298,0
12916,4,2288.98,848,118,39,572.245,29.5,0,2,2,0,2,0,0,0,0,0,0,84949,0
12921,22,5253.22,3414,154,22,238.782727272727,7,0,6,0,4,1,3,4,0,0,0,0,85099,0
12924,4,651.52,284,129,36,162.88,32.25,0,0,0,0,0,0,0,0,0,0,0,22801,0
12931,6,3661.7,2850,98,41,610.283333333333,16.3333333333333,0,0,0,0,0,0,0,0,0,0,0,21731,0
12947,8,908.8,892,165,9,113.6,20.625,0,0,0,0,1,0,3,0,0,0,0,20725,0
12949,5,2226.5,1261,46,44,445.3,9.2,0,0,1,1,1,1,1,0,0,0,0,84970,0
12951,7,729.78,328,167,1,104.254285714286,23.8571428571429,0,0,0,0,1,0,0,0,0,1,0,84832,1
12955,6,985.48,750,103,2,164.246666666667,17.1666666666667,0,0,0,0,0,1,0,0,0,0,0,22699,0
12957,6,1699.44,1237,153,24,283.24,25.5,0,0,0,0,1,0,0,0,0,0,0,85049,0
12971,40,4779.45,3577,168,6,119.48625,4.2,0,0,0,0,0,0,0,0,0,0,0,22084,0
12980,8,5573.49,759,154,14,696.68625,19.25,0,0,0,0,0,0,0,0,0,0,0,84078,0
12989,8,3119.14,1437,127,38,389.8925,15.875,0,0,0,0,0,0,0,0,0,1,0,22301,0
12997,4,583.27,287,83,71,145.8175,20.75,0,0,1,0,0,0,0,0,0,0,0,21313,0
13001,12,7824.45,4476,141,22,652.0375,11.75,0,4,1,0,7,3,1,3,0,0,1,47566,0
13004,12,2754.97,2531,165,6,229.580833333333,13.75,0,3,1,1,1,0,0,2,0,0,0,85141,0
13012,5,372.17,164,115,17,74.434,23,0,0,0,0,0,0,0,0,0,0,0,22501,0
13014,8,1728.53,509,115,3,216.06625,14.375,0,0,0,5,1,0,0,0,0,0,0,22423,0
13015,4,1763.04,705,52,35,440.76,13,0,0,0,1,0,2,0,1,0,0,0,84879,1
13018,13,3847.95,2767,116,17,295.996153846154,8.92307692307692,0,0,0,1,2,0,0,1,0,0,0,84950,0
13021,4,988.37,469,134,4,247.0925,33.5,0,2,0,1,0,0,2,0,0,0,0,85099,0
13047,7,1835.6,745,163,11,262.228571428571,23.2857142857143,0,0,2,2,3,0,0,3,0,0,0,84969,0
13050,10,2183.26,1280,135,23,218.326,13.5,0,1,0,2,1,2,0,2,0,1,0,82484,0
13069,14,1851.47,1896,153,18,132.247857142857,10.9285714285714,0,0,0,0,3,1,0,0,0,0,1,84596,0
13078,16,4247.27,1460,169,1,265.454375,10.5625,0,0,0,0,0,0,0,0,0,0,0,21745,0
13081,9,11832.28,8146,134,42,1314.69777777778,14.8888888888889,0,0,3,4,4,0,3,1,0,0,3,47566,0
13082,8,2227.38,2947,161,14,278.4225,20.125,0,0,0,0,0,0,0,0,0,1,0,22726,0
13089,61,24561.8600000001,14101,169,7,402.653442622952,2.77049180327869,0,5,4,13,7,9,5,3,0,1,0,22423,0
13090,7,2761.19,697,153,13,394.455714285714,21.8571428571429,0,0,0,0,0,1,0,0,0,0,0,22622,0
13092,4,236.3,56,65,49,59.075,16.25,0,0,0,0,1,0,0,0,0,0,0,23176,0
13093,10,3945.96,2384,70,105,394.596,7,0,1,1,3,0,0,3,0,0,0,4,22383,1
13094,11,650.94,582,156,20,59.1763636363637,14.1818181818182,0,0,3,0,0,0,0,0,0,0,0,22791,0
13097,8,3622.71,1565,164,11,452.83875,20.5,0,0,0,6,4,0,0,2,0,0,0,22423,0
13098,19,9399.13,5411,148,7,494.691052631579,7.78947368421053,0,1,3,4,0,0,5,0,0,0,5,22382,0
13102,17,3243.88,2277,161,11,190.816470588235,9.47058823529412,0,0,3,0,0,0,0,0,0,0,0,22659,0
13110,4,696.69,201,54,95,174.1725,13.5,0,0,3,1,0,0,0,1,0,0,0,85123,0
13113,30,8257.65,2020,168,0,275.255,5.6,0,0,0,8,9,0,0,1,0,0,2,22501,0
13115,5,855.8,612,168,6,171.16,33.6,0,0,0,0,0,0,1,0,0,0,1,82616,0
13117,4,363.22,396,101,55,90.805,25.25,0,0,0,0,1,0,0,0,0,0,0,71459,0
13118,4,786.29,265,80,46,196.5725,20,0,0,0,0,0,0,0,0,0,0,0,22059,1
13126,4,830.58,930,85,91,207.645,21.25,0,0,0,0,0,0,0,0,0,0,0,85186,0
13134,5,849.79,319,56,21,169.958,11.2,0,1,1,1,1,0,0,0,0,0,1,22960,0
13141,5,1398.08,941,101,52,279.616,20.2,0,1,1,2,0,1,1,1,0,0,1,22697,0
13148,8,1213.29,576,134,17,151.66125,16.75,0,0,3,1,0,1,0,0,0,0,0,85123,0
13162,4,1262.14,1346,150,22,315.535,37.5,0,1,0,0,1,0,0,0,0,0,1,85034,0
13168,4,963.61,555,119,37,240.9025,29.75,0,0,2,1,0,0,0,2,0,0,0,82582,1
13178,5,2600.93,1505,124,9,520.186,24.8,0,2,0,0,0,0,5,0,0,2,3,84997,0
13184,6,897.47,936,105,22,149.578333333333,17.5,0,0,0,0,0,0,0,0,0,0,0,85132,0
13199,17,3440.6,2504,166,10,202.388235294118,9.76470588235294,0,0,0,0,0,0,0,0,0,0,0,84947,0
13213,4,549.38,322,23,14,137.345,5.75,0,0,0,0,1,0,0,0,0,0,0,85231,0
13225,4,2154.36,940,141,34,538.59,35.25,0,2,0,0,0,0,0,0,0,0,0,82483,0
13230,8,1706.03,882,118,39,213.25375,14.75,0,2,4,3,2,0,1,0,0,0,1,85099,0
13232,4,878.45,549,62,18,219.6125,15.5,0,1,0,0,0,0,1,0,0,0,0,84991,0
13246,5,1860.99,1546,153,14,372.198,30.6,0,2,1,0,0,0,0,0,0,0,0,22469,1
13263,18,3976.19999999999,2337,161,1,220.9,8.94444444444444,0,0,14,6,3,0,4,4,0,0,3,84596,0
13266,9,1799.67,2318,71,23,199.963333333333,7.88888888888889,0,0,0,0,0,0,0,0,0,0,3,85132,0
13267,11,1580.99,679,140,28,143.726363636364,12.7272727272727,0,0,0,0,1,3,0,0,0,0,0,82486,0
13268,9,2111.4,2497,97,7,234.6,10.7777777777778,0,0,0,0,0,0,1,0,0,0,2,22892,0
13269,5,1669.85,1144,70,17,333.97,14,0,3,1,0,3,0,0,0,0,0,0,22431,0
13310,4,785.85,387,124,38,196.4625,31,0,0,2,0,1,1,0,0,0,0,0,85231,1
13317,5,954.819999999999,376,56,21,190.964,11.2,0,0,0,2,2,0,0,0,0,1,0,22699,1
13319,14,3967.71,1732,169,7,283.407857142857,12.0714285714286,0,2,0,5,4,6,5,3,0,2,1,84879,0
13324,7,3116.04,2260,109,41,445.148571428571,15.5714285714286,0,0,0,5,0,0,0,0,0,0,0,22423,0
13397,4,975.52,299,160,17,243.88,40,0,1,0,0,0,0,0,3,0,0,0,22720,0
13408,30,9810.28,5917,170,4,327.009333333333,5.66666666666667,0,1,5,0,0,1,3,3,0,1,0,85123,0
13410,4,539.19,297,104,25,134.7975,26,0,0,0,0,0,0,0,0,0,0,0,22148,0
13418,9,1947,1316,89,1,216.333333333333,9.88888888888889,0,0,0,0,0,0,0,0,0,1,0,22729,0
13426,4,1221.7,1057,153,20,305.425,38.25,0,0,0,0,0,0,0,0,0,0,0,22037,0
13451,4,1592.68,1099,123,49,398.17,30.75,0,1,0,0,1,0,2,2,0,0,3,22383,0
13458,12,5323.55,3312,168,7,443.629166666667,14,0,1,4,1,2,4,1,0,0,0,2,22766,0
13468,19,2774.34,1200,152,17,146.017894736842,8,0,0,6,0,1,0,0,0,0,0,0,85123,0
13475,4,1431.78,1012,107,29,357.945,26.75,0,0,3,0,0,0,0,0,0,0,0,84596,1
13476,4,1092.77,414,102,16,273.1925,25.5,0,0,1,1,1,0,0,0,0,0,0,85014,1
13477,5,752.74,503,121,8,150.548,24.2,0,0,0,2,1,0,0,0,0,0,0,22466,0
13488,8,4095.76,2011,160,14,511.97,20,0,0,4,1,0,1,2,1,0,0,2,85123,0
13491,6,835.23,704,85,85,139.205,14.1666666666667,0,0,0,0,0,0,0,0,0,0,0,84596,0
13505,5,2518.37,1252,66,4,503.674,13.2,0,0,0,4,1,0,0,0,3,0,0,22699,0
13534,26,2543.35,1353,153,21,97.8211538461539,5.88461538461539,0,9,0,0,0,0,1,0,0,2,3,85099,0
13549,4,510.47,306,49,30,127.6175,12.25,0,2,1,1,1,0,0,0,0,0,0,85099,0
13552,10,2107.8,756,150,3,210.78,15,0,0,0,1,0,0,0,0,0,1,0,23118,0
13571,4,507.31,357,68,22,126.8275,17,0,0,2,0,0,0,0,0,0,0,0,22197,0
13576,9,3119.65,1221,161,14,346.627777777778,17.8888888888889,0,0,0,0,0,0,0,0,0,0,0,21137,0
13593,5,1344.45,469,173,0,268.89,34.6,0,0,3,0,2,0,0,0,0,0,0,85123,0
13599,11,1591.62,891,153,22,144.692727272727,13.9090909090909,0,1,0,0,0,1,0,0,1,1,0,23084,0
13610,4,466.42,224,97,25,116.605,24.25,0,1,0,0,1,0,0,0,0,0,0,22773,0
13623,5,532.02,148,87,48,106.404,17.4,0,1,2,1,0,0,0,0,0,0,0,90200,1
13629,5,3666,2050,165,11,733.2,33,0,5,0,0,0,0,0,0,0,0,0,85099,0
13630,7,1029.74,704,114,9,147.105714285714,16.2857142857143,0,1,0,0,0,1,0,0,0,0,0,22178,0
13631,8,2290.72,354,102,2,286.34,12.75,0,0,0,3,0,0,0,0,0,0,0,22423,0
13632,4,810.35,315,69,11,202.5875,17.25,0,1,2,1,2,0,0,0,0,0,0,85123,1
13636,4,533.95,297,36,86,133.4875,9,0,0,1,0,0,0,0,0,0,0,0,85131,0
13662,6,514.26,358,76,20,85.71,12.6666666666667,0,0,0,0,2,0,0,0,0,0,0,47566,0
13668,16,4018.84,2426,168,4,251.1775,10.5,0,0,1,0,5,0,0,0,0,0,0,47566,0
13672,6,-71.46,-1,32,139,-11.91,5.33333333333333,0,0,0,0,0,0,0,0,0,0,0,85232,1
13692,4,850.13,733,32,41,212.5325,8,0,0,0,0,0,1,0,0,1,0,0,22839,1
13694,31,29485.34,33430,176,0,951.14,5.67741935483871,0,4,1,0,3,0,1,0,0,0,1,84596,0
13695,6,749.54,454,89,8,124.923333333333,14.8333333333333,0,0,0,0,2,4,0,0,0,0,0,84879,0
13700,6,1245.8,1559,150,14,207.633333333333,25,0,0,0,0,0,0,0,0,0,0,0,84596,0
13717,4,741.47,1227,126,10,185.3675,31.5,0,0,0,3,0,1,0,0,0,0,0,85212,0
13725,9,1828.1,716,139,7,203.122222222222,15.4444444444444,0,0,0,2,1,0,1,1,0,0,0,21936,0
13735,4,1335.55,692,58,13,333.8875,14.5,0,0,0,0,0,1,0,0,0,0,0,84279,1
13742,12,2620.12,963,157,0,218.343333333334,13.0833333333333,0,0,3,0,0,0,1,2,0,0,0,22926,0
13752,4,891.53,709,61,22,222.8825,15.25,0,0,0,0,0,0,0,0,0,0,0,21326,0
13767,25,5399.92999999999,2173,174,2,215.9972,6.96,0,0,1,10,3,11,0,0,0,0,0,22727,0
13769,6,1118.96,487,118,45,186.493333333333,19.6666666666667,0,0,3,0,0,0,0,0,0,0,0,84945,0
13777,16,4641.09,2038,164,3,290.068125,10.25,0,3,7,0,0,0,4,0,0,0,0,22041,0
13784,7,1632.39,1745,164,6,233.198571428571,23.4285714285714,0,0,0,2,0,0,0,0,0,0,0,84970,0
13798,37,20361.75,12764,173,3,550.317567567568,4.67567567567568,0,14,7,0,4,0,4,0,0,0,0,85099,0
13811,4,591.75,67,55,21,147.9375,13.75,0,0,0,0,0,0,0,0,2,0,0,POST,1
13842,5,1517.9,566,137,37,303.58,27.4,0,0,0,1,0,2,0,1,0,0,0,85066,0
13854,17,4495.3,1248,139,27,264.429411764706,8.17647058823529,0,0,0,5,3,7,0,0,0,0,0,84879,0
13856,5,363.4,484,34,6,72.68,6.8,0,0,0,0,0,0,0,0,0,0,0,79000,1
13862,6,1130.46,803,147,23,188.41,24.5,0,0,0,0,0,0,0,0,0,0,0,22993,0
13870,4,881.2,539,123,2,220.3,30.75,0,0,0,1,0,1,0,0,0,0,0,23245,0
13871,6,3010.82,1309,146,0,501.803333333333,24.3333333333333,0,2,0,3,0,0,1,4,0,2,0,82482,0
13880,5,1241.77,663,110,24,248.354,22,0,0,0,1,2,0,0,2,0,0,0,84912,0
13881,8,5150.33,3583,148,1,643.79125,18.5,0,0,0,0,0,2,2,2,0,0,0,84050,0
13883,7,1643.2,843,125,38,234.742857142857,17.8571428571429,0,0,0,1,0,0,0,0,1,0,0,22995,1
13884,4,189.95,62,5,115,47.4875,1.25,0,0,1,0,0,0,0,0,0,0,0,21314,0
13911,6,1703.91,1465,111,35,283.985,18.5,0,0,0,0,1,0,0,0,0,0,0,22693,0
13969,7,2232.59,1205,153,7,318.941428571429,21.8571428571429,0,3,0,2,0,0,2,2,0,2,2,85132,0
13971,6,1233.24,848,106,16,205.54,17.6666666666667,0,1,0,0,2,1,0,0,0,3,0,22722,0
13983,7,1351.7,573,139,25,193.1,19.8571428571429,0,0,0,1,0,0,0,0,0,0,0,71459,0
13985,4,1129.7,550,81,20,282.425,20.25,0,2,0,0,0,0,2,0,0,0,0,22381,0
13988,4,1916.85,1289,92,0,479.2125,23,0,0,2,0,0,3,0,0,0,0,0,84879,0
13993,5,1488.57,404,125,43,297.714,25,0,1,0,1,0,1,0,0,0,1,0,84509,0
13999,5,1251.37,767,151,9,250.274,30.2,0,1,0,0,3,0,2,0,0,1,0,84755,0
14031,11,5014.7,1994,168,6,455.881818181819,15.2727272727273,0,1,0,4,0,2,0,0,0,0,0,15056,0
14032,7,1195.2,919,107,6,170.742857142857,15.2857142857143,0,0,0,0,0,0,0,0,0,0,0,22064,0
14040,8,1899.48,758,160,9,237.435,20,0,4,1,4,0,0,3,2,1,1,0,85099,0
14051,12,4408.13,1143,141,11,367.344166666667,11.75,0,0,0,4,3,0,0,0,0,0,0,15056,0
14056,12,3687.36999999999,2049,100,22,307.280833333333,8.33333333333333,0,3,0,0,0,0,4,2,0,2,0,22191,0
14057,8,2162.65,1711,132,0,270.33125,16.5,0,1,0,0,0,0,0,0,0,0,1,22900,0
14060,8,2521.06,2374,149,21,315.1325,18.625,0,0,0,0,0,0,0,0,0,0,0,23158,0
14062,4,3750.55,2037,147,14,937.6375,36.75,0,0,0,0,0,0,0,0,0,0,0,84596,0
14064,4,686.64,863,62,49,171.66,15.5,0,0,2,0,0,0,0,0,0,0,0,84459,0
14078,4,691.67,208,99,22,172.9175,24.75,0,0,0,0,0,0,0,0,0,0,0,15044,0
14085,8,1770.12,1487,155,13,221.265,19.375,0,0,1,1,0,5,0,2,0,0,0,84879,0
14088,4,15388,3677,152,8,3847,38,0,1,1,1,0,0,0,1,0,0,0,72807,0
14092,7,1471.78,758,151,8,210.254285714286,21.5714285714286,0,0,2,0,0,0,0,3,0,0,0,22960,0
14099,6,1330.55,1018,159,8,221.758333333333,26.5,0,0,0,0,0,0,0,0,0,0,0,84508,0
14101,4,4159.39,5850,128,35,1039.8475,32,0,0,0,0,0,2,0,0,0,0,0,22659,0
14107,4,1473.6,1012,120,14,368.4,30,0,0,0,1,0,0,2,0,0,0,0,22652,0
14110,4,2067.74,944,95,9,516.935,23.75,0,2,2,0,2,0,0,0,0,0,0,85099,0
14112,5,1069.5,648,71,41,213.9,14.2,0,2,0,0,0,0,1,0,0,1,1,85099,0
14135,5,1494.41,1890,151,24,298.882,30.2,0,0,0,0,0,0,0,0,0,0,0,85049,0
14156,26,50789.07,24407,165,1,1953.42576923077,6.34615384615385,4,2,2,5,2,0,5,5,0,0,3,22699,0
14159,4,1224.52,1113,86,7,306.13,21.5,0,2,3,0,0,0,3,2,0,1,3,84596,0
14175,4,1146.39,586,158,9,286.5975,39.5,0,0,0,1,0,0,0,0,0,0,0,84970,0
14180,19,2598.17,386,170,6,136.745789473684,8.94736842105263,0,0,0,0,0,0,0,0,0,0,0,84968,0
14189,11,1825.18,1606,137,38,165.925454545455,12.4545454545455,0,0,1,0,0,2,0,0,0,0,0,22728,0
14191,5,1080.85,598,58,0,216.17,11.6,0,3,0,0,2,0,0,0,0,0,0,85099,0
14194,14,3895.06,1932,140,6,278.218571428571,10,0,3,3,2,6,2,0,1,0,2,2,47566,0
14201,5,284.46,158,48,24,56.892,9.6,0,0,0,0,2,3,0,0,0,0,0,84879,0
14209,4,1076.85,332,126,44,269.2125,31.5,0,0,2,0,0,0,0,0,0,0,0,22789,0
14210,4,1294.7,548,141,35,323.675,35.25,0,0,2,0,3,0,0,1,0,0,0,47566,0
14211,8,880.84,488,87,45,110.105,10.875,0,2,1,2,0,0,0,0,0,0,0,85099,0
14214,4,818.06,615,107,8,204.515,26.75,0,0,0,1,0,0,0,1,0,1,0,21871,0
14215,4,920.47,481,143,24,230.1175,35.75,0,0,0,0,0,0,2,1,0,0,0,22701,0
14217,9,838.08,280,167,7,93.12,18.5555555555556,0,0,0,0,1,0,0,0,0,0,0,22427,0
14221,5,1648.88,847,154,22,329.776,30.8,0,0,1,0,2,1,0,0,0,0,0,22470,0
14226,4,1678.85,1080,70,37,419.7125,17.5,0,0,0,2,0,1,0,0,0,0,0,79000,0
14227,11,2389.02,1273,99,23,217.183636363636,9,0,3,1,0,0,1,1,0,0,1,0,85099,0
14229,4,665.53,283,41,129,166.3825,10.25,0,0,0,2,0,2,0,0,0,0,0,22456,1
14231,5,822.06,402,109,17,164.412,21.8,0,2,0,1,1,1,0,0,0,0,0,85099,1
14232,4,1001.48,806,81,21,250.37,20.25,0,0,0,0,0,0,0,0,0,0,0,21520,0
14239,8,1237.69,587,115,38,154.71125,14.375,0,1,3,2,0,0,0,2,0,0,0,85123,0
14243,6,1273.02,578,146,9,212.17,24.3333333333333,0,0,0,0,0,0,0,2,0,0,0,22722,0
14245,5,1677.48,971,87,14,335.496,17.4,0,0,0,1,1,0,0,2,0,0,0,84913,1
14258,6,7607.82,4638,137,37,1267.97,22.8333333333333,0,2,3,0,2,0,2,0,0,0,0,85099,0
14267,5,1488.89,517,97,0,297.778,19.4,0,0,3,3,0,0,0,3,0,0,0,22961,0
14282,6,1680.48,1294,104,0,280.08,17.3333333333333,0,1,0,0,0,0,1,0,0,2,2,23204,0
14289,4,723.52,252,112,14,180.88,28,0,0,0,1,0,0,0,0,0,0,0,48194,0
14291,6,2030.22,1256,102,10,338.37,17,0,0,0,0,0,0,1,0,0,0,0,22662,0
14292,5,1087.31,449,140,23,217.462,28,0,0,1,2,0,0,0,1,0,2,0,23203,0
14298,26,26471.21,32804,170,3,1018.12346153846,6.53846153846154,0,3,2,3,0,0,0,1,0,1,0,85230,0
14299,6,548.3,176,21,154,91.3833333333333,3.5,0,0,0,6,0,0,0,0,0,0,0,22423,0
14309,6,1129.42,847,154,6,188.236666666667,25.6666666666667,0,0,0,3,0,0,0,0,0,0,0,85032,0
14312,4,854.59,385,150,24,213.6475,37.5,0,0,1,0,0,1,0,0,0,1,0,22178,0
14329,6,3046.08,1912,165,2,507.68,27.5,0,2,1,0,0,0,1,0,0,1,1,85099,0
14334,5,1345.33,921,115,41,269.066,23,0,0,0,0,0,0,0,0,0,0,0,48187,0
14339,4,289.91,150,8,72,72.4775,2,0,0,0,0,0,0,0,0,1,0,0,23155,1
14341,5,687.25,416,103,53,137.45,20.6,0,3,0,0,0,0,2,0,0,1,0,85099,0
14364,6,2808,1464,47,2,468,7.83333333333333,0,2,0,0,0,0,1,0,0,0,0,23298,0
14367,10,4061.77,1859,91,22,406.177,9.1,0,3,5,0,4,0,2,2,0,0,0,47590,0
14395,6,1647.59,797,156,15,274.598333333333,26,0,0,0,0,4,0,0,0,0,0,0,85152,0
14397,4,379.04,312,41,9,94.76,10.25,0,0,0,0,0,0,0,0,0,0,0,22178,0
14401,4,1352.04,1136,153,0,338.01,38.25,0,0,0,0,0,1,0,0,0,0,0,84944,0
14404,4,865.2,552,157,7,216.3,39.25,0,0,0,2,0,0,2,0,0,0,1,20727,0
14407,4,972.98,414,77,37,243.245,19.25,0,1,0,0,0,0,0,1,0,0,0,22848,0
14408,4,1215.32,721,92,9,303.83,23,0,0,0,0,0,0,0,0,0,0,0,85152,0
14410,8,709.8,332,99,44,88.7250000000001,12.375,0,0,0,0,2,0,0,0,0,0,0,22261,0
14415,6,1866.99,801,142,20,311.165,23.6666666666667,0,4,4,0,0,0,3,0,0,2,2,85099,0
14426,6,2196.88,1226,158,16,366.146666666667,26.3333333333333,0,0,0,0,1,0,0,2,0,0,0,22847,0
14442,4,1548.87,476,118,36,387.2175,29.5,0,0,0,0,0,0,0,0,0,0,0,23092,1
14462,10,1106.55,479,153,23,110.655,15.3,0,0,3,0,1,1,0,2,0,0,0,22948,0
14472,4,1249.75,811,147,25,312.4375,36.75,0,0,1,1,0,4,0,1,0,0,0,84879,0
14475,5,496.14,224,138,4,99.228,27.6,0,2,2,0,0,0,2,0,0,0,0,22767,0
14502,8,971.980000000001,432,78,72,121.4975,9.75,0,0,3,0,0,2,0,2,0,0,0,21340,0
14505,6,2096.97,830,132,42,349.495,22,0,0,1,1,2,0,1,1,0,1,1,47566,0
14507,4,600.31,324,60,53,150.0775,15,0,0,1,1,0,0,0,0,0,0,0,85049,0
14524,4,777.27,286,103,16,194.3175,25.75,0,0,1,1,0,0,2,0,0,0,0,20718,0
14525,6,1492.64,783,144,20,248.773333333333,24,0,2,2,1,1,0,0,1,0,1,0,21622,0
14527,40,2718.76,776,175,1,67.969,4.375,0,7,2,1,4,0,0,1,0,0,0,D,0
14534,11,2279.84,1074,149,7,207.258181818182,13.5454545454545,0,1,0,0,3,0,0,1,0,0,0,22727,0
14541,7,1315.65,603,150,6,187.95,21.4285714285714,0,0,0,0,0,0,0,0,0,0,0,84997,1
14543,13,1991.29,425,147,9,153.176153846154,11.3076923076923,0,0,0,0,0,0,0,1,0,0,0,22207,0
14560,9,840.83,168,154,0,93.4255555555555,17.1111111111111,0,0,0,0,0,0,0,2,0,0,0,22776,0
14562,4,1131.49,497,121,21,282.8725,30.25,0,0,0,0,3,0,1,2,0,0,0,85066,0
14572,4,1062.98,463,69,92,265.745,17.25,0,0,0,3,1,0,0,0,0,0,0,85071,0
14573,12,1190.62,404,107,17,99.2183333333333,8.91666666666667,0,0,0,2,0,0,1,3,0,0,0,82581,1
14584,5,1029.26,379,29,7,205.852,5.8,0,0,2,0,0,2,0,0,0,0,0,22429,1
14587,9,1470.63,726,147,22,163.403333333333,16.3333333333333,0,0,4,2,1,0,5,0,0,0,1,84997,1
14606,66,6346.75999999998,3514,176,1,96.16303030303,2.66666666666667,0,5,6,7,1,1,3,0,0,0,0,90214,0
14646,31,127365.23,90704,164,2,4108.5558064516,5.29032258064516,0,11,1,4,0,2,6,1,7,3,6,85099,0
14659,6,1328.26,640,128,25,221.376666666667,21.3333333333333,0,1,0,2,0,3,1,3,0,1,0,84997,0
14665,4,713.86,266,14,134,178.465,3.5,0,0,1,0,0,0,0,1,0,0,0,84459,0
14667,11,2802.73,1405,154,9,254.793636363636,14,0,4,0,0,0,5,0,0,0,0,1,85040,0
14676,5,1143.52,1078,94,45,228.704,18.8,0,0,0,0,0,0,0,0,0,0,0,85152,0
14680,11,12517,6188,158,16,1137.90909090909,14.3636363636364,0,5,0,0,6,0,6,0,0,0,3,84997,0
14688,13,2640.95,1770,161,2,203.15,12.3846153846154,0,1,0,0,0,0,0,0,0,0,0,23182,0
14692,4,470.8,219,87,73,117.7,21.75,0,0,0,0,0,0,0,1,0,0,0,22931,0
14696,4,870.04,464,142,21,217.51,35.5,0,0,0,0,0,0,0,0,0,0,0,78033,0
14701,10,1895.13,650,143,10,189.513,14.3,0,1,1,0,0,0,0,2,0,0,0,84459,1
14702,6,1068.95,289,175,0,178.158333333333,29.1666666666667,0,0,0,0,0,0,0,3,0,0,0,85049,0
14709,5,1619.04,810,128,25,323.808,25.6,0,4,0,0,0,0,0,0,0,2,0,85099,0
14711,8,1885.25,674,100,0,235.65625,12.5,0,0,0,0,5,2,0,0,0,0,0,84836,0
14713,6,1021.69,654,136,24,170.281666666666,22.6666666666667,0,2,2,0,0,0,3,0,0,0,4,20727,0
14730,4,767.07,442,97,16,191.7675,24.25,0,0,0,1,2,0,0,2,0,1,0,47590,0
14732,4,1283.2,740,152,24,320.8,38,0,0,1,0,0,0,0,1,0,0,0,22993,0
14733,7,3894.62,1492,161,8,556.374285714286,23,0,0,2,0,4,0,0,2,0,0,0,47566,0
14735,19,2376.21,821,146,14,125.063684210526,7.68421052631579,0,0,0,0,0,0,0,0,0,1,0,22730,0
14738,4,525.69,219,117,37,131.4225,29.25,0,0,1,0,0,0,0,0,0,0,0,21181,0
14740,4,1423.21,729,92,29,355.8025,23,0,0,1,1,0,0,0,0,0,0,0,46000,1
14744,6,691.58,369,38,119,115.263333333333,6.33333333333333,0,0,0,0,0,0,1,0,0,0,0,22384,1
14755,6,2194.38,910,158,14,365.73,26.3333333333333,0,1,2,3,3,3,0,1,0,0,0,22771,0
14776,7,1456.68,1788,141,9,208.097142857143,20.1428571428571,0,0,0,0,0,0,0,0,0,0,0,21703,0
14794,5,645.64,309,130,41,129.128,26,0,1,0,0,0,0,0,0,0,0,0,22849,1
14796,13,2912.8,2028,147,10,224.061538461539,11.3076923076923,0,0,0,4,0,0,0,2,0,0,0,84596,0
14800,8,2074.96,1598,143,29,259.37,17.875,0,0,0,0,0,0,1,0,0,0,0,22752,0
14808,4,867.41,497,6,4,216.8525,1.5,0,0,0,0,0,0,0,0,0,0,0,84931,0
14810,7,1098.26,527,136,36,156.894285714286,19.4285714285714,0,4,2,0,0,0,3,3,0,1,3,85099,0
14825,4,810.89,354,128,7,202.7225,32,0,0,1,0,1,1,0,0,0,1,0,22967,0
14842,4,1381.23,630,123,23,345.3075,30.75,0,0,0,1,0,1,0,0,0,0,0,22978,0
14849,9,2824.06,2058,142,14,313.784444444444,15.7777777777778,0,0,0,3,0,4,0,0,0,2,0,21975,0
14854,6,1923.24,1288,110,2,320.54,18.3333333333333,0,0,0,0,3,0,1,0,0,0,0,47566,0
14878,5,761.01,492,118,11,152.202,23.6,0,0,0,0,1,0,0,0,0,0,0,22139,0
14895,7,4669.36,1835,146,14,667.051428571429,20.8571428571429,0,0,3,2,2,0,2,2,0,0,0,85123,0
14903,7,1740.03,880,88,28,248.575714285714,12.5714285714286,0,1,1,1,1,2,0,0,0,0,0,84947,0
14911,78,37381.8300000001,20299,176,0,479.254230769232,2.25641025641026,33,6,11,12,4,4,3,10,0,1,0,C2,0
14944,5,1832.03,1001,110,24,366.406,22,0,0,3,0,0,1,0,0,0,0,0,85123,0
14952,7,2822.15,1305,98,44,403.164285714286,14,0,1,0,0,0,0,0,1,0,0,0,84997,0
14961,6,1958.86,1114,119,56,326.476666666667,19.8333333333333,0,0,0,2,0,0,1,1,0,0,0,84949,0
14976,4,425.26,111,130,34,106.315,32.5,0,0,0,0,0,0,0,0,0,0,0,21908,0
14978,4,1537.28,417,94,73,384.320000000001,23.5,0,0,0,1,2,0,0,2,0,0,0,72807,0
15005,18,2902.84,1942,171,0,161.268888888889,9.5,0,7,7,1,7,0,6,4,0,4,2,47566,0
15021,4,694.29,353,86,13,173.5725,21.5,0,0,2,0,0,0,0,0,0,0,1,84596,0
15023,4,3214.96,1663,156,7,803.739999999999,39,0,4,2,1,1,2,1,1,0,1,1,85099,0
15027,5,952.77,521,70,6,190.554,14,0,0,0,0,1,0,0,0,0,0,1,22605,1
15034,5,1812.68,874,105,70,362.536,21,0,0,1,0,0,0,1,0,0,0,1,84849,0
15039,33,14103.61,6803,176,0,427.382121212121,5.33333333333333,0,20,1,7,9,0,5,4,0,4,7,85099,0
15044,10,2862.77,837,156,14,286.277,15.6,0,0,3,7,1,0,0,3,0,1,0,22423,0
15046,10,2770.5,1657,171,4,277.05,17.1,0,0,2,0,0,7,0,0,0,0,0,84879,0
15058,6,1011.31,484,129,21,168.551666666667,21.5,0,2,0,0,0,0,0,0,0,0,0,21034,0
15059,7,721.03,301,164,8,103.004285714286,23.4285714285714,0,0,0,0,0,0,0,0,0,0,0,82582,0
15061,26,12023.38,7345,167,7,462.437692307692,6.42307692307692,0,0,0,5,0,0,0,0,0,0,0,22558,0
15065,5,2836.6,1153,126,2,567.32,25.2,0,0,0,1,0,0,0,1,0,0,0,22962,1
15078,14,3270.56,1734,128,28,233.611428571428,9.14285714285714,0,6,0,4,0,0,4,0,0,2,3,85099,0
15079,4,751.71,343,102,50,187.9275,25.5,0,0,1,0,0,0,1,0,0,0,1,85123,1
15093,5,2765.22,2048,139,37,553.044,27.8,0,0,0,2,0,2,0,0,0,0,0,22030,0
15098,5,649.5,60,0,20,129.9,0,0,0,0,0,0,0,0,0,0,0,0,22502,1
15107,5,133.95,99,22,149,26.79,4.4,0,0,1,0,0,0,0,0,0,0,0,22168,1
15108,4,614.95,162,44,20,153.7375,11,0,0,0,0,0,0,0,0,2,0,0,POST,0
15114,4,1027.25,1003,119,20,256.8125,29.75,0,0,0,0,0,0,0,0,0,0,0,22927,0
15122,4,911.06,486,101,34,227.765,25.25,0,2,0,0,1,0,0,0,0,1,0,22962,0
15125,12,8278.24,4479,99,9,689.853333333333,8.25,0,1,0,2,0,1,0,1,0,1,0,23167,0
15128,6,806.64,728,55,2,134.44,9.16666666666667,0,0,0,0,0,0,0,0,1,0,0,84536,0
15129,7,1801.33,1187,115,14,257.332857142857,16.4285714285714,0,0,0,0,0,0,0,3,0,0,0,22720,0
15140,4,1123.2,896,73,29,280.8,18.25,0,0,0,0,0,0,0,1,0,0,0,84970,0
15144,6,1644.62,774,94,55,274.103333333333,15.6666666666667,0,0,0,0,0,0,1,0,0,0,0,85116,0
15159,15,4257.91,1944,158,9,283.860666666667,10.5333333333333,0,0,0,1,0,0,2,0,0,0,0,85132,0
15189,30,5910.74,2150,169,1,197.024666666667,5.63333333333333,0,0,0,13,4,0,0,0,0,0,0,22423,0
15194,11,2472.82,1687,166,8,224.801818181818,15.0909090909091,0,0,0,3,1,2,0,3,0,0,0,22156,0
15201,4,590.49,647,47,38,147.6225,11.75,0,1,0,0,0,0,0,0,0,1,0,82580,0
15218,4,2447.6,1364,140,16,611.9,35,0,4,1,0,1,0,0,0,0,1,0,85099,0
15220,5,926.77,845,111,7,185.354,22.2,0,0,1,0,0,0,0,0,0,0,0,22109,0
15235,9,1552.87,932,120,55,172.541111111111,13.3333333333333,0,0,1,0,1,0,1,0,0,0,0,22303,1
15240,4,1029.83,750,120,29,257.4575,30,0,0,2,1,0,0,0,0,0,1,0,22083,0
15241,5,1047.51,973,99,21,209.502,19.8,0,0,0,0,0,0,0,0,0,0,1,22752,0
15249,6,2832.92,1432,59,34,472.153333333333,9.83333333333333,0,0,0,0,3,1,1,1,0,0,3,37370,0
15251,4,5439.25,3348,63,16,1359.8125,15.75,0,0,0,0,0,0,0,1,0,0,0,23167,0
15270,5,1272.35,659,71,76,254.47,14.2,0,0,3,0,0,0,1,0,0,0,0,75049,0
15271,6,944.7,438,174,0,157.45,29,0,0,3,0,0,0,0,2,0,0,0,85123,0
15281,9,1835.21,987,146,24,203.912222222222,16.2222222222222,0,0,1,1,3,0,0,2,0,0,0,84968,0
15290,9,1766.32,928,127,41,196.257777777778,14.1111111111111,0,0,0,1,0,1,0,0,0,0,0,22908,0
15291,14,2585.58,979,159,10,184.684285714286,11.3571428571429,0,0,0,0,0,2,0,0,0,0,0,82486,0
15296,5,2063.69,1137,150,13,412.738,30,0,0,1,1,1,0,1,1,0,1,1,84509,0
15298,4,1379.6,1039,150,25,344.9,37.5,0,1,0,0,1,0,0,0,0,1,0,22468,0
15299,5,528.08,474,137,2,105.616,27.4,0,0,0,0,0,0,0,0,0,0,0,M,0
15301,6,2139.74,1050,95,10,356.623333333333,15.8333333333333,0,0,0,0,1,0,3,0,0,0,0,20725,0
15304,7,354.65,49,118,1,50.6642857142857,16.8571428571429,0,0,0,5,0,0,0,0,0,0,0,22423,0
15311,53,33795.7700000001,22398,175,1,637.656037735851,3.30188679245283,0,21,0,0,0,0,8,0,0,0,4,84997,0
15356,4,1242.03,732,121,13,310.5075,30.25,0,0,2,0,3,2,0,1,0,0,2,47566,0
15358,15,4055.45,3491,159,16,270.363333333333,10.6,0,0,0,3,0,0,0,0,0,0,0,85049,0
15373,6,780.4,220,165,11,130.066666666667,27.5,0,0,0,3,0,0,0,0,0,0,0,21216,0
15379,7,2140.43,1525,170,7,305.775714285714,24.2857142857143,0,2,4,2,0,3,0,0,0,0,4,85123,1
15382,6,2099.27,1619,116,17,349.878333333334,19.3333333333333,0,0,0,0,0,0,0,0,0,2,2,23168,0
15410,5,2361.93,791,89,10,472.386,17.8,0,0,0,2,3,0,0,0,0,0,0,84818,0
15465,16,4163.51,600,154,18,260.219375,9.625,0,0,0,15,0,0,0,0,0,0,0,22423,0
15491,5,2400.71,1193,56,17,480.142,11.2,0,0,0,1,3,0,0,0,0,0,0,47566,0
15498,17,6975.64,3511,169,6,410.331764705883,9.94117647058824,0,3,1,3,2,0,3,2,0,1,4,85099,0
15502,4,1657.62,1552,111,2,414.405,27.75,0,0,1,1,2,0,0,0,0,0,0,84970,0
15508,6,1000.27,440,46,27,166.711666666667,7.66666666666667,0,2,2,3,0,0,0,0,0,1,0,22423,1
15513,12,5628.66,2118,154,13,469.055,12.8333333333333,0,0,1,2,1,1,0,0,0,1,0,22699,0
15518,6,972.92,696,117,53,162.153333333333,19.5,0,0,0,0,1,0,2,0,0,0,1,22659,0
15521,5,1542.78,900,42,50,308.556,8.4,0,0,0,0,0,0,1,0,0,1,0,84997,0
15529,5,1610.75,1413,112,48,322.15,22.4,0,3,0,0,2,0,2,0,0,1,1,84086,0
15535,5,485.4,131,154,11,97.08,30.8,0,0,0,2,1,0,0,0,0,0,0,85036,1
15544,4,1722.95,1516,128,11,430.7375,32,0,0,0,0,0,0,1,0,0,0,1,84997,0
15547,6,1637.16,1046,121,32,272.86,20.1666666666667,0,1,3,0,1,0,0,0,0,0,0,72351,0
15555,6,1106.45,919,60,13,184.408333333333,10,0,2,2,1,2,2,5,0,0,1,4,85202,0
15570,6,1405.23,488,123,44,234.205,20.5,0,0,1,1,1,1,0,0,0,0,0,22776,0
15581,5,327.88,119,103,10,65.576,20.6,0,0,0,0,2,1,0,1,0,0,0,47599,0
15589,4,456.58,242,58,90,114.145,14.5,0,0,1,0,1,0,0,0,0,0,0,22892,1
15596,7,924.12,378,127,37,132.017142857143,18.1428571428571,0,0,0,0,0,0,1,0,0,0,0,22502,0
15601,10,3879.75,2898,166,8,387.975,16.6,0,0,5,1,0,0,0,1,0,0,0,85123,0
15602,6,254.66,150,131,38,42.4433333333333,21.8333333333333,0,0,0,3,0,0,0,0,1,0,0,22178,0
15606,7,2136.16,644,153,8,305.165714285714,21.8571428571429,0,0,0,0,0,0,0,1,0,0,0,22726,0
15611,7,530.77,103,171,1,75.8242857142857,24.4285714285714,0,0,0,4,0,0,0,0,0,0,0,22423,0
15615,14,4788.79,2619,167,0,342.056428571429,11.9285714285714,0,6,1,1,3,1,4,2,0,0,4,85099,0
15622,10,2501,1210,91,28,250.1,9.1,0,3,0,1,1,0,0,0,0,1,0,85099,0
15625,4,929.02,706,58,15,232.255,14.5,0,0,0,0,0,0,1,0,0,0,0,21868,0
15632,5,1540.76,830,92,20,308.152,18.4,0,0,0,0,0,1,2,2,0,0,0,22690,0
15640,6,3990.83,2030,147,23,665.138333333333,24.5,0,2,3,3,0,1,0,0,0,1,0,22084,0
15643,6,647.4,242,103,17,107.9,17.1666666666667,0,0,0,2,1,0,0,1,0,0,0,23169,1
15644,4,813,557,94,4,203.25,23.5,0,0,0,0,0,0,3,0,0,0,1,85032,1
15648,4,599.9,213,62,42,149.975,15.5,0,0,0,0,0,0,0,1,1,1,0,84406,1
15658,7,652.7,168,131,28,93.2428571428571,18.7142857142857,0,0,0,5,1,0,0,0,0,0,0,22423,1
15660,5,484.62,310,86,34,96.924,17.2,0,1,0,1,0,0,0,0,0,0,2,84946,0
15671,5,1016.13,559,28,80,203.226,5.6,0,0,0,0,0,0,0,0,0,0,0,22168,0
15674,7,677.08,426,41,51,96.7257142857143,5.85714285714286,0,0,4,4,4,0,0,0,0,0,1,84279,0
15687,7,1667.85,655,145,23,238.264285714286,20.7142857142857,0,1,0,0,1,0,0,1,0,0,0,22854,1
15694,7,2402.65,535,154,14,343.235714285714,22,0,0,0,2,2,0,0,0,0,0,0,35004,1
15696,9,1550.85,713,113,51,172.316666666667,12.5555555555556,0,0,1,0,2,2,0,0,0,0,0,47566,0
15708,5,1709.72,643,116,56,341.944,23.2,0,0,4,1,0,0,0,0,0,0,0,21916,0
15719,8,2773.12,1464,158,16,346.64,19.75,0,7,6,0,5,3,5,1,0,2,5,85099,0
15737,7,657.13,361,56,24,93.8757142857143,8,0,0,0,0,1,0,3,0,0,0,0,22171,0
15738,11,2578.71,1495,142,21,234.428181818182,12.9090909090909,0,0,0,0,3,0,0,0,0,0,0,47590,0
15749,4,21535.9,9014,97,73,5383.975,24.25,0,0,3,0,1,0,0,0,0,0,0,85123,1
15769,13,30673.92,16576,166,10,2359.53230769231,12.7692307692308,0,6,0,0,0,0,0,0,0,0,0,85099,0
15785,4,1318.62,752,104,28,329.655,26,0,0,0,2,1,0,2,0,0,0,2,84755,0
15796,6,1204.97,411,115,24,200.828333333333,19.1666666666667,0,0,2,2,0,0,0,0,0,1,0,22698,0
15805,11,2580.5,1620,125,1,234.590909090909,11.3636363636364,0,3,0,0,3,0,0,0,0,1,0,22666,0
15809,4,399.21,251,118,22,99.8025,29.5,0,0,0,1,0,0,0,0,0,0,0,22781,1
15811,4,814.64,332,93,42,203.66,23.25,0,0,0,1,2,0,0,0,0,0,0,85049,0
15827,13,752.83,320,137,17,57.91,10.5384615384615,0,0,0,4,0,0,0,7,1,0,0,22720,0
15834,4,1666.82,680,111,3,416.705,27.75,0,0,0,0,0,0,1,1,0,0,0,84692,0
15838,9,8610.06,4578,145,3,956.673333333333,16.1111111111111,0,3,0,0,0,0,0,0,0,0,0,85099,0
15845,5,1912.34,1018,157,17,382.468,31.4,0,1,0,0,1,2,0,0,0,0,0,84978,0
15854,7,1807.59,590,156,10,258.227142857143,22.2857142857143,0,0,1,0,0,0,0,0,0,0,0,15056,0
15855,4,474.69,319,79,21,118.6725,19.75,0,0,0,0,2,0,0,0,0,0,0,84569,0
15856,7,4343.25,3227,119,20,620.464285714286,17,0,0,6,0,0,0,0,0,0,0,0,84596,0
15867,7,1500.55,796,149,21,214.364285714286,21.2857142857143,0,0,0,2,1,3,0,0,0,0,0,21955,0
15874,7,2181.15,1058,106,15,311.592857142857,15.1428571428571,0,0,1,0,1,0,0,0,0,0,0,21626,1
15881,5,323.79,144,0,150,64.758,0,0,0,0,0,0,0,0,0,0,0,0,22649,1
15906,4,637.26,219,35,57,159.315,8.75,0,0,0,1,0,0,0,0,0,0,0,85152,0
15910,4,550.61,431,109,45,137.6525,27.25,0,0,0,0,0,0,0,0,0,0,0,22998,0
15932,8,1549.35,1157,126,0,193.66875,15.75,0,0,1,0,2,0,0,0,0,0,0,37342,0
15938,4,335.3,192,122,39,83.825,30.5,0,0,1,0,0,0,0,0,0,0,0,22178,0
15939,11,5207.12,4107,151,18,473.374545454546,13.7272727272727,0,0,0,0,0,0,0,0,0,0,0,84970,0
15953,4,597.4,348,120,49,149.35,30,0,0,3,1,0,2,0,0,0,0,0,85231,1
15971,4,1086.15,527,68,80,271.5375,17,0,3,0,0,0,0,0,0,1,0,0,85099,0
15974,5,2042.25,1294,104,22,408.45,20.8,0,0,0,1,0,2,0,0,0,0,0,84970,0
15981,5,2061,1100,142,6,412.2,28.4,0,0,0,0,0,0,0,0,0,2,0,21977,0
15984,4,659.38,303,104,71,164.845,26,0,0,3,0,0,0,0,0,0,0,0,85123,0
15996,4,517.15,216,119,3,129.2875,29.75,0,0,0,0,0,0,0,0,0,0,0,84631,0
16011,6,963.61,670,134,14,160.601666666667,22.3333333333333,0,0,0,0,0,0,0,0,0,0,0,21669,0
16013,24,11080.87,3711,164,10,461.702916666667,6.83333333333333,0,0,5,4,6,0,0,0,0,0,0,47566,0
16019,5,2270.4,824,104,70,454.08,20.8,0,0,0,3,1,2,0,0,0,0,0,15056,0
16027,5,542.87,663,126,14,108.574,25.2,0,0,0,0,0,0,0,0,0,0,0,21326,0
16029,35,10745.39,10019,175,2,307.011142857143,5,0,11,0,0,0,0,0,0,2,0,0,85099,0
16033,15,3522.25,1292,172,3,234.816666666667,11.4666666666667,0,0,2,0,3,2,0,3,0,0,0,21534,0
16057,5,974.24,351,85,37,194.848,17,0,1,1,0,0,0,0,2,0,0,0,22776,0
16115,4,658.66,392,112,18,164.665,28,0,1,0,0,0,0,2,3,0,0,0,85049,0
16133,17,6697.62,3833,139,17,393.977647058824,8.17647058823529,0,0,0,1,3,0,0,0,0,0,0,22139,0
16145,7,1324.33,1016,167,9,189.19,23.8571428571429,0,0,2,0,2,0,0,2,0,0,1,85170,0
16156,4,1044.57,460,104,44,261.1425,26,0,0,0,0,1,0,0,3,0,1,0,22720,0
16161,10,1963.05,983,161,7,196.305,16.1,0,5,0,0,0,0,2,0,0,3,2,85099,0
16168,9,1119.51,551,132,24,124.39,14.6666666666667,0,0,1,1,0,0,0,0,0,0,0,23301,0
16170,4,940.24,662,72,13,235.06,18,0,0,0,0,0,0,0,0,0,0,0,23084,0
16180,5,4327.28,2495,81,8,865.456,16.2,0,3,0,2,1,0,0,0,0,2,1,85099,0
16186,5,1024.67,900,70,9,204.934,14,0,0,0,0,0,3,0,0,0,0,0,20971,0
16187,8,3475.62,2357,114,7,434.4525,14.25,0,2,0,2,4,3,0,0,0,0,0,47566,0
16191,13,1923.48,836,74,100,147.96,5.69230769230769,0,0,0,0,1,0,0,2,0,0,0,22701,0
16210,5,3592.57,1224,109,51,718.514,21.8,0,0,2,0,0,0,0,0,0,0,0,21137,0
16217,4,259.39,76,46,73,64.8475,11.5,0,0,0,0,0,0,0,1,1,0,0,22427,1
16218,4,1227.65,767,69,23,306.9125,17.25,0,0,0,0,0,0,2,0,0,0,2,22646,0
16235,4,656.39,249,145,24,164.0975,36.25,0,0,0,0,0,2,0,2,0,1,0,84879,0
16241,4,730.13,396,161,15,182.5325,40.25,0,1,4,0,2,0,3,0,0,1,4,85183,0
16242,4,841.64,374,111,3,210.41,27.75,0,2,0,0,0,1,2,3,0,2,0,22720,1
16265,5,2010.48,931,85,56,402.096,17,1,0,0,0,1,0,0,0,0,0,2,85206,0
16266,4,488.84,186,30,14,122.21,7.5,0,0,0,0,0,0,0,0,0,0,0,21932,0
16297,4,275.4,180,56,50,68.85,14,0,0,0,0,0,0,0,1,1,0,0,90201,1
16306,8,534.17,441,123,51,66.77125,15.375,0,0,0,0,0,0,0,0,0,0,0,22637,1
16316,7,1836.37,921,176,0,262.338571428571,25.1428571428571,0,2,0,1,3,0,0,2,0,0,0,47566,0
16321,4,155.7,42,18,143,38.925,4.5,0,0,1,0,0,0,0,0,0,0,0,22087,0
16326,5,918.58,187,161,11,183.716,32.2,0,0,0,0,1,0,0,0,0,0,0,48188,0
16333,16,13087.2,22092,117,30,817.95,7.3125,0,0,0,0,0,0,0,0,0,0,0,84077,0
16353,7,1645.28,674,120,55,235.04,17.1428571428571,0,0,0,0,0,0,0,1,0,0,0,79321,0
16356,4,210.32,92,79,35,52.58,19.75,0,0,0,0,0,0,0,0,0,0,0,82582,1
16359,9,956.28,767,155,14,106.253333333333,17.2222222222222,0,0,0,0,0,1,0,0,0,0,0,84836,0
16393,4,681.29,426,109,23,170.3225,27.25,0,4,0,0,0,0,3,0,0,1,2,85099,0
16394,4,921.28,1382,118,9,230.32,29.5,0,0,0,0,0,0,0,0,0,0,0,23004,0
16401,8,1966.54,1832,165,0,245.8175,20.625,0,0,0,0,0,0,4,0,0,0,4,22197,0
16407,5,794.74,387,118,32,158.948,23.6,0,0,2,0,2,1,0,0,0,0,0,47566,0
16419,5,737.94,288,143,6,147.588,28.6,0,0,0,2,1,2,0,0,0,0,0,84947,0
16422,43,19650.05,18790,172,2,456.977906976744,4,0,0,0,0,12,0,0,0,0,0,0,22090,0
16458,7,1333.8,860,134,8,190.542857142857,19.1428571428571,0,6,4,0,0,0,1,0,0,0,2,85099,0
16473,4,314.86,195,171,2,78.715,42.75,0,0,0,0,0,0,0,0,0,0,0,22791,1
16497,5,1550.7,789,130,41,310.14,26,0,0,0,1,1,0,0,0,0,0,0,23146,1
16523,10,3197.7,1459,138,15,319.77,13.8,0,6,0,0,0,0,4,0,0,3,3,85099,0
16525,17,7183.29,4061,167,1,422.546470588235,9.82352941176471,0,1,3,0,2,0,0,2,0,0,0,22169,0
16550,4,1211.37,905,71,2,302.8425,17.75,0,0,0,1,2,0,0,0,0,0,0,22197,0
16553,11,4059.38,3528,141,1,369.034545454545,12.8181818181818,0,0,0,0,0,2,0,1,0,0,0,22502,1
16554,5,221.01,101,127,42,44.202,25.4,0,0,0,1,1,0,0,0,0,0,0,82482,1
16556,4,1773.39,956,132,0,443.3475,33,0,0,1,1,4,0,0,2,0,0,0,47566,0
16558,11,2834.57,2040,143,14,257.688181818182,13,0,4,0,3,7,0,2,2,0,2,0,22960,0
16566,4,463.23,215,122,8,115.8075,30.5,0,0,0,0,0,0,0,0,0,0,0,21326,1
16570,6,1826.05,1166,149,0,304.341666666667,24.8333333333333,0,0,0,0,0,2,0,0,0,1,1,84970,0
16592,10,1497.08,1145,104,21,149.708,10.4,0,0,0,0,0,0,4,0,0,0,0,22464,0
16607,5,1062.24,905,95,45,212.448,19,0,0,0,0,0,0,0,0,0,0,1,23233,0
16618,5,1424.34,770,118,41,284.868,23.6,0,0,0,2,0,0,0,0,0,0,0,22847,1
16626,5,1704.79,826,97,6,340.958,19.4,0,1,0,0,0,0,1,0,0,0,0,21417,0
16638,5,1136.39,614,75,91,227.278,15,0,0,0,1,0,0,0,0,0,0,0,90125,0
16652,5,3007.22,1430,60,50,601.444,12,0,0,0,5,0,0,0,0,0,0,0,22423,0
16656,7,3085.57,3112,146,30,440.795714285714,20.8571428571429,0,0,0,0,0,0,0,0,0,0,0,84508,0
16670,9,2090.5,1383,167,3,232.277777777778,18.5555555555556,0,2,2,0,2,0,1,2,0,0,0,85099,0
16672,15,4968.69,1835,102,2,331.246,6.8,0,0,0,1,0,0,0,0,0,0,0,22467,0
16676,4,1065.1,407,132,42,266.275,33,0,0,0,1,0,0,0,1,0,0,0,22636,1
16678,6,1264.15,799,84,35,210.691666666667,14,0,0,0,0,1,0,0,0,0,0,0,84978,0
16684,12,21201.06,16416,137,10,1766.755,11.4166666666667,0,1,0,3,0,0,0,0,0,1,0,72351,0
16686,4,850.19,706,111,32,212.5475,27.75,0,0,0,0,0,0,1,0,0,0,0,84997,0
16700,10,2981.91,2315,144,10,298.191,14.4,0,4,1,0,0,1,4,4,0,2,0,85099,0
16701,9,2026.52,2028,167,2,225.168888888889,18.5555555555556,0,0,0,0,0,0,0,0,0,0,0,79163,0
16705,10,5463.06,2276,138,37,546.306,13.8,0,0,3,0,2,0,0,0,0,0,0,22467,0
16709,4,1984.59,521,82,37,496.1475,20.5,0,0,0,2,0,2,0,1,0,0,0,84879,0
16710,4,1112.67,850,69,45,278.1675,17.25,0,0,0,1,0,0,1,0,0,0,2,22999,0
16712,5,1598.15,673,97,16,319.63,19.4,0,0,0,0,1,0,3,0,0,1,0,23049,0
16713,9,2342.21,1205,131,10,260.245555555556,14.5555555555556,0,0,0,5,0,0,1,0,0,0,1,22423,0
16714,4,911.529999999999,608,98,56,227.8825,24.5,0,0,1,0,0,1,0,1,0,0,0,22437,1
16719,4,531,404,102,73,132.75,25.5,0,0,2,0,0,0,0,0,0,0,0,22467,0
16722,5,1452.29,1529,104,21,290.458,20.8,0,0,0,0,0,0,2,0,0,0,3,21495,0
16725,5,447.87,158,37,140,89.574,7.4,0,1,0,0,0,0,0,0,0,0,0,21531,1
16729,14,3487.29,2615,64,14,249.092142857143,4.57142857142857,0,0,5,0,4,7,7,0,0,0,4,22659,0
16745,13,4640.58,4483,149,0,356.967692307692,11.4615384615385,0,5,0,0,0,0,1,3,0,2,4,21977,0
16746,7,2577.54,1324,133,32,368.22,19,0,3,0,2,0,0,2,1,0,1,3,15056,0
16767,4,3048.24,2370,133,20,762.06,33.25,0,0,0,1,0,0,0,0,0,0,0,23182,0
16775,4,574.25,125,167,1,143.5625,41.75,0,0,1,0,2,0,0,0,0,0,0,82486,0
16779,13,4297.39,2568,173,1,330.568461538461,13.3076923076923,0,5,0,0,0,0,0,0,0,0,0,85099,0
16782,7,763.16,256,115,42,109.022857142857,16.4285714285714,0,1,4,0,0,0,1,0,0,0,1,85123,0
16791,4,576.15,268,118,51,144.0375,29.5,0,0,2,3,1,2,0,0,0,0,0,72802,0
16801,5,867.830000000001,313,110,1,173.566,22,0,0,0,0,0,0,0,2,0,0,0,85036,1
16814,13,4188.22,1718,162,14,322.170769230769,12.4615384615385,0,0,0,0,0,4,0,4,0,0,0,22771,0
16817,8,696.83,326,98,13,87.10375,12.25,0,0,0,0,0,0,0,0,0,0,0,85194,1
16818,6,1161.57,665,22,21,193.595,3.66666666666667,0,0,0,0,0,0,0,0,0,0,0,85039,0
16837,9,1811.49,706,53,30,201.276666666667,5.88888888888889,0,0,0,4,2,1,0,0,0,0,0,22501,0
16839,18,7125.93,3944,164,10,395.885,9.11111111111111,0,5,0,3,2,0,1,3,1,2,0,85099,0
16841,4,1243.24,1204,117,8,310.81,29.25,0,0,0,0,0,0,0,0,0,0,0,84596,0
16843,9,5729.17,4161,150,14,636.574444444444,16.6666666666667,0,2,0,0,0,0,0,2,0,2,0,84997,0
16871,5,1986.97,858,72,36,397.394,14.4,0,0,1,1,0,0,0,1,0,0,0,72807,0
16873,4,1059.76,552,54,29,264.94,13.5,0,0,0,0,0,0,2,0,0,0,0,82482,0
16875,5,758.29,376,98,79,151.658,19.6,0,1,0,0,0,0,1,2,0,0,0,84970,0
16904,7,1732.94,812,162,0,247.562857142858,23.1428571428571,0,2,2,1,1,0,3,0,0,2,0,82613,0
16912,7,1131.45,463,123,38,161.635714285714,17.5714285714286,0,0,0,1,1,0,0,0,1,1,0,84988,0
16919,8,1840.7,1029,70,16,230.0875,8.75,0,0,0,0,2,0,0,0,0,0,0,84596,0
16923,17,2886.19,1343,161,11,169.775882352941,9.47058823529412,0,0,2,2,0,0,0,1,0,0,4,22698,0
16928,9,1275.86,932,158,2,141.762222222222,17.5555555555556,0,0,0,1,0,0,0,0,0,0,0,22771,0
16931,8,1722.68,1241,146,11,215.335,18.25,0,0,5,0,1,1,0,1,0,0,0,85040,0
16938,4,1577.5,810,129,17,394.375,32.25,0,0,2,0,1,0,0,1,0,0,0,84997,1
16942,6,1051.42,404,51,14,175.236666666667,8.5,0,3,1,0,0,2,2,0,0,1,2,85099,0
16945,9,1813.91,1272,140,2,201.545555555556,15.5555555555556,0,5,0,0,0,0,1,0,0,2,0,85099,0
16949,5,768.75,385,137,17,153.75,27.4,0,0,0,0,1,0,0,0,0,0,0,22656,1
16966,6,1480.56,1318,76,1,246.76,12.6666666666667,0,0,0,0,0,0,0,0,0,0,0,21890,1
16983,4,710.68,414,139,18,177.67,34.75,0,0,0,0,0,0,0,0,0,0,0,22570,0
16985,6,1979.54,712,101,49,329.923333333333,16.8333333333333,0,0,3,2,1,3,0,0,0,1,0,85123,0
16998,4,279.6,72,104,37,69.9,26,0,0,0,0,0,0,0,0,0,0,0,22371,0
17001,5,1812.43,938,145,11,362.486,29,0,5,0,0,0,0,0,0,0,2,0,85099,0
17017,13,3019.49,2274,126,0,232.268461538462,9.69230769230769,0,0,0,0,0,0,0,0,0,0,0,22197,0
17027,5,614.180000000001,282,137,17,122.836,27.4,0,0,0,0,0,1,0,2,0,0,0,85049,0
17048,4,739.32,414,53,115,184.83,13.25,0,0,1,0,0,0,0,1,0,0,0,85118,0
17050,5,2660.59,1353,112,25,532.118,22.4,0,0,0,0,4,0,0,4,0,0,0,85049,0
17061,9,3806.03,1176,63,6,422.892222222222,7,0,0,0,4,4,0,0,0,0,0,0,47566,0
17063,5,661.92,308,126,1,132.384,25.2,0,2,0,0,0,0,1,0,0,1,0,85099,0
17068,9,2351.4,1043,141,27,261.266666666667,15.6666666666667,0,7,0,0,3,0,2,0,0,1,5,85099,0
17071,6,1025.32,494,122,25,170.886666666667,20.3333333333333,0,0,2,0,3,0,0,0,0,1,0,82486,0
17075,4,675.72,238,64,91,168.93,16,0,2,1,0,0,0,0,0,0,0,0,84997,1
17091,5,1676.01,909,139,23,335.202,27.8,0,2,0,0,2,0,2,0,0,1,2,85099,0
17095,4,325.85,232,36,136,81.4625,9,0,0,0,0,0,0,0,0,0,0,0,21466,1
17114,7,430.19,128,168,4,61.4557142857143,24,0,0,1,1,0,0,0,0,0,0,0,82482,0
17115,4,582.22,256,54,17,145.555,13.5,0,1,1,3,2,0,1,1,0,0,0,22423,1
17139,8,5566.07,2488,117,9,695.75875,14.625,0,2,1,4,0,3,3,1,0,1,3,22423,0
17147,4,938.16,513,105,44,234.54,26.25,0,0,0,3,0,0,0,0,0,0,0,84279,0
17152,4,1503.5,477,68,32,375.875,17,0,0,0,0,0,0,0,0,0,0,0,47590,1
17162,9,1157.03,688,120,23,128.558888888889,13.3333333333333,0,0,0,0,0,1,0,1,0,0,0,48187,0
17180,5,549.21,526,74,79,109.842,14.8,0,0,0,1,0,0,0,0,0,0,0,37446,1
17188,5,1212.3,780,175,2,242.46,35,0,0,0,1,1,0,0,0,0,0,0,85059,1
17204,8,1420.61,609,94,7,177.57625,11.75,0,0,0,0,1,1,1,0,0,0,1,47590,1
17211,4,667.63,279,83,18,166.9075,20.75,0,0,1,1,1,0,0,0,0,0,2,84507,1
17213,4,306.75,101,75,101,76.6875,18.75,0,0,2,0,0,0,0,0,0,0,0,85123,0
17220,4,1147.28,615,106,44,286.82,26.5,0,0,0,0,0,0,0,1,0,0,1,84997,0
17230,4,868.9,294,72,102,217.225,18,0,0,2,1,0,0,0,0,0,0,0,82483,1
17231,6,1481.54,798,134,28,246.923333333334,22.3333333333333,0,0,0,0,0,1,0,1,0,0,0,85049,0
17236,4,571.45,333,139,17,142.8625,34.75,0,0,0,0,0,2,0,0,0,0,0,21754,1
17238,7,1178.1,556,137,22,168.3,19.5714285714286,0,2,0,0,1,0,0,0,0,0,0,84997,0
17243,11,2411.95,872,156,16,219.268181818182,14.1818181818182,0,0,4,1,0,0,0,0,0,0,0,82494,0
17284,5,1210.27,1050,169,4,242.054,33.8,0,0,0,0,0,0,0,0,0,0,0,84997,0
17288,4,530.14,506,119,45,132.535,29.75,0,0,0,0,0,0,0,0,0,0,0,21915,1
17306,12,4120.06,5211,151,9,343.338333333333,12.5833333333333,0,0,0,0,0,0,0,0,0,0,0,22988,0
17314,6,1293.6,881,143,7,215.6,23.8333333333333,0,0,0,0,0,0,0,0,0,0,0,90201,0
17315,21,2779.08,1798,148,29,132.337142857143,7.04761904761905,0,3,3,1,3,1,0,1,0,0,0,85099,0
17323,4,427.69,419,125,4,106.9225,31.25,0,0,0,0,0,0,0,0,0,1,0,85049,0
17337,5,1920.32,1216,99,49,384.064000000001,19.8,0,0,2,1,0,0,2,0,0,0,1,47503,0
17338,4,2875.65,1259,126,43,718.9125,31.5,0,1,4,0,0,0,0,0,0,0,0,72807,0
17346,5,864.35,731,119,16,172.87,23.8,0,4,2,0,0,1,1,0,0,1,3,85099,0
17364,6,2076.4,1226,126,42,346.066666666667,21,0,0,0,3,1,0,0,0,0,0,0,22699,0
17365,5,2371.01,2562,162,7,474.202,32.4,0,0,0,1,1,0,1,0,0,0,0,84997,0
17368,6,1051.72,577,163,11,175.286666666667,27.1666666666667,0,0,0,0,0,0,0,0,0,0,0,51014,0
17372,4,690.35,359,150,4,172.5875,37.5,0,0,1,1,0,0,0,2,0,0,0,84596,1
17377,5,945.61,471,129,11,189.122,25.8,0,1,3,0,1,0,0,0,0,0,0,22900,0
17381,15,10728.25,14371,153,17,715.216666666667,10.2,0,0,0,0,0,0,0,0,0,0,0,21703,0
17389,22,5356.05,1325,175,1,243.456818181818,7.95454545454545,0,2,0,0,0,0,0,0,0,0,0,85066,0
17402,4,702.34,154,162,4,175.585,40.5,0,0,0,0,0,0,0,0,0,0,0,22619,0
17404,5,9839.32,10754,104,49,1967.864,20.8,0,0,0,0,0,0,0,2,0,0,0,85178,0
17406,4,1226.62,514,2,168,306.655,0.5,0,0,1,0,0,1,0,1,0,0,0,22655,1
17416,5,4340.75,2615,105,14,868.15,21,0,1,0,1,1,0,1,0,0,1,1,85132,0
17419,6,1660.78,768,75,87,276.796666666667,12.5,0,0,0,0,2,1,0,1,0,0,0,84509,0
17422,5,927.96,1016,115,18,185.592,23,0,0,0,0,0,1,0,0,0,0,0,90201,0
17428,19,7605.53999999999,5085,168,9,400.291578947368,8.8421052631579,0,1,0,2,0,0,1,0,0,1,0,22892,0
17442,4,1056.41,704,126,2,264.1025,31.5,0,0,0,0,0,0,0,2,0,0,0,23233,0
17450,16,57433.5,22240,161,9,3589.59375,10.0625,0,0,2,0,0,0,0,1,2,0,0,POST,0
17457,4,1397.64,672,134,42,349.41,33.5,0,0,0,0,0,0,0,0,0,0,0,21609,0
17460,4,382.33,150,92,63,95.5825,23,0,0,3,0,0,0,0,0,0,0,0,85123,0
17463,4,1230.59,720,141,10,307.6475,35.25,0,0,0,0,0,2,0,0,0,1,0,72802,1
17504,10,2745.28,1456,116,44,274.528,11.6,0,0,0,1,0,0,0,1,0,0,0,22722,1
17511,21,33233.2,21350,161,15,1582.53333333333,7.66666666666667,0,8,6,4,4,1,2,1,1,1,2,85099,0
17512,7,1297.47,1241,101,38,185.352857142857,14.4285714285714,0,0,1,0,0,0,0,0,0,0,0,84755,0
17530,5,1067.22,602,90,44,213.444,18,0,0,0,0,0,0,0,0,0,1,1,85049,0
17567,4,1346.12,763,63,71,336.53,15.75,0,1,0,0,1,1,1,3,0,0,0,22720,0
17576,10,1369.74,921,142,21,136.974,14.2,0,0,0,2,2,0,0,1,0,0,0,21781,0
17581,13,3738.31,1782,153,15,287.562307692308,11.7692307692308,0,4,0,0,1,0,2,1,0,2,1,85099,0
17591,5,1232.02,691,116,41,246.404,23.2,0,0,0,0,0,0,0,0,0,0,0,82583,0
17611,7,1887.53,1333,154,7,269.647142857143,22,0,1,1,0,0,0,0,0,0,0,0,90200,0
17612,4,632.62,472,91,44,158.155,22.75,0,1,0,0,0,0,1,0,0,1,0,84663,0
17613,9,2827.41,1610,135,7,314.156666666667,15,0,0,7,0,0,4,0,0,0,0,2,85123,0
17629,4,446.48,511,160,9,111.62,40,0,0,0,0,1,0,0,0,0,1,0,84380,0
17634,5,1814.67,457,124,50,362.934000000001,24.8,0,0,2,2,0,0,0,1,0,0,0,47590,0
17644,8,863.21,490,143,16,107.90125,17.875,0,1,0,0,2,0,0,0,0,1,0,22558,0
17648,4,1099.44,288,87,0,274.86,21.75,0,0,0,1,0,0,0,1,0,0,0,82484,1
17652,6,2345.09,1251,112,7,390.848333333333,18.6666666666667,0,4,4,0,3,0,2,1,0,2,0,47590,0
17659,5,752.32,476,129,7,150.464,25.8,0,0,1,0,0,0,0,0,0,0,0,21700,0
17663,4,782.86,344,88,36,195.715,22,0,0,3,2,0,1,0,0,0,0,0,85123,0
17669,4,2064.72,1192,79,8,516.18,19.75,0,1,1,0,0,0,0,0,0,1,1,85099,0
17673,4,1209.77,1087,157,0,302.4425,39.25,0,0,0,0,0,0,0,0,0,0,0,22149,1
17675,18,7711.1,2935,175,0,428.394444444445,9.72222222222222,0,3,8,0,10,5,1,5,0,0,0,47566,0
17677,16,5667.03,3352,151,9,354.189375,9.4375,0,4,0,0,0,0,1,0,0,2,0,85099,0
17686,4,3036.75,1223,102,38,759.1875,25.5,0,2,1,1,1,0,1,1,0,2,1,85099,0
17690,6,2376.03,797,139,24,396.005,23.1666666666667,0,0,0,1,0,1,0,1,0,1,0,22625,0
17696,4,646.29,454,157,17,161.5725,39.25,0,0,0,0,0,0,0,0,0,0,0,84971,0
17719,7,2279.7,1410,93,0,325.671428571429,13.2857142857143,0,0,0,0,0,0,0,2,0,0,0,22192,0
17723,4,1823.9,442,41,10,455.975,10.25,0,0,0,0,4,0,0,0,0,0,0,47566,0
17725,8,1512.16,938,90,14,189.02,11.25,0,0,0,0,0,0,0,0,0,0,0,85159,0
17730,7,2367.36,1654,162,1,338.194285714286,23.1428571428571,0,0,0,0,0,0,0,0,0,0,0,21519,0
17735,10,6368.44,4242,151,3,636.844,15.1,0,4,0,2,3,0,5,0,0,2,9,22383,0
17744,4,880.12,1106,79,88,220.03,19.75,0,0,0,0,0,0,0,0,0,0,0,85019,1
17757,14,2222.36,1255,171,1,158.74,12.2142857142857,0,1,0,0,3,0,0,0,0,0,0,22682,0
17770,5,1143.27,365,83,36,228.654,16.6,0,0,0,0,0,0,0,0,0,0,0,85114,1
17790,4,497.46,197,103,36,124.365,25.75,0,0,4,0,0,0,0,0,0,0,0,85123,0
17799,8,1890.93,962,158,1,236.36625,19.75,0,2,3,2,0,0,1,0,0,0,2,85099,0
17809,5,1488.14,295,133,6,297.628,26.6,0,0,0,0,0,0,0,0,0,0,0,22988,0
17811,23,4172.58999999999,1915,167,4,181.416956521739,7.26086956521739,0,2,0,0,2,0,0,1,0,0,0,21975,0
17819,5,2444.55,713,114,20,488.91,22.8,0,0,0,4,2,0,0,0,0,0,0,22423,0
17841,69,12035.3800000001,6296,177,0,174.42579710145,2.56521739130435,0,19,6,1,9,0,11,4,0,2,13,79321,0
17848,4,435.63,263,161,7,108.9075,40.25,0,0,0,0,0,1,0,0,0,0,0,21084,0
17849,4,605.8,114,115,56,151.45,28.75,0,0,0,0,0,0,0,0,0,0,0,48194,1
17856,5,1118.39,561,48,71,223.678,9.6,0,0,0,0,0,0,0,0,0,0,0,22800,1
17857,10,8302.08,3606,123,10,830.208,12.3,0,0,0,0,0,0,0,0,0,0,0,22536,0
17858,5,1547.35,645,152,6,309.47,30.4,0,0,0,1,0,0,0,0,0,0,0,84792,0
17865,10,2954.3,1921,119,14,295.43,11.9,0,0,0,4,0,0,0,0,0,0,0,21908,0
17873,4,1277.17,750,96,22,319.2925,24,0,0,0,0,0,0,0,0,0,0,0,82600,0
17874,7,658.26,209,70,23,94.0371428571429,10,0,1,0,2,0,0,0,0,0,0,0,22900,1
17900,4,15,1,25,2,3.75,6.25,0,0,0,0,0,0,0,0,0,0,0,46000,1
17940,11,1554.58,8203,138,2,141.325454545455,12.5454545454545,0,0,0,0,0,0,0,0,1,0,0,22616,0
17949,22,27692.78,10961,175,0,1258.76272727273,7.95454545454545,0,0,0,3,0,0,0,0,0,0,0,22197,0
17954,9,1513.02,1591,166,0,168.113333333333,18.4444444444444,0,4,1,0,1,0,4,0,0,0,3,85099,0
17955,4,557.3,273,20,36,139.325,5,0,0,0,0,0,0,0,0,0,0,0,23054,1
17961,22,398.7,211,159,7,18.1227272727273,7.22727272727273,0,1,0,0,0,0,0,0,0,0,2,20728,0
17965,5,1313.29,723,167,2,262.658,33.4,0,0,1,0,0,0,0,0,0,0,0,22461,0
17975,6,2064.43,689,146,30,344.071666666667,24.3333333333333,0,0,1,0,0,2,0,0,0,0,0,82486,0
17979,4,484.64,274,90,6,121.16,22.5,0,1,0,1,0,0,0,0,0,0,0,22439,1
17994,4,533.98,366,100,27,133.495,25,0,0,0,0,0,0,1,0,0,0,1,84997,0
18008,7,2065.41,1517,115,41,295.058571428571,16.4285714285714,0,0,0,0,0,0,0,0,0,0,0,22659,0
18037,4,29.52,12,97,63,7.38,24.25,0,0,0,0,0,0,0,0,0,0,0,22664,0
18041,12,2079.47,2115,154,21,173.289166666667,12.8333333333333,0,1,0,0,0,0,0,1,0,0,0,22367,0
18044,6,1031.28,598,117,4,171.88,19.5,0,0,0,0,0,0,0,0,0,0,0,85175,0
18055,4,1579.36,562,107,41,394.84,26.75,0,0,1,3,1,2,0,1,0,0,0,22423,0
18061,5,933.21,483,140,20,186.642,28,0,0,0,0,0,0,0,0,0,0,0,21116,0
18065,6,1067.13,407,104,21,177.855,17.3333333333333,0,0,2,0,0,0,0,0,0,0,0,15056,0
18069,4,988.92,633,147,18,247.23,36.75,0,1,3,0,2,0,2,0,0,0,1,85123,0
18073,8,1368.2,1068,31,3,171.025,3.875,0,0,0,0,0,0,0,0,0,0,0,84946,0
18075,8,1309.8,670,154,1,163.725,19.25,0,0,5,0,0,3,0,1,0,0,0,85123,0
18092,4,1817.4,1512,145,22,454.35,36.25,0,0,0,2,0,0,0,0,0,0,0,79000,0
18102,17,78608.73,17325,126,16,4624.04294117647,7.41176470588235,0,0,0,0,0,0,0,0,0,0,0,22189,0
18109,15,2574.69,1726,165,11,171.646,11,0,0,7,0,0,0,0,3,0,0,0,85066,0
18116,4,588.9,381,61,72,147.225,15.25,0,0,3,0,0,0,0,0,0,0,0,84596,1
18118,20,3277.02,1730,156,6,163.851,7.8,0,7,6,0,4,0,4,2,0,0,4,85099,0
18125,4,943.489999999999,694,114,39,235.8725,28.5,0,0,2,1,0,0,0,0,0,0,0,85040,1
18144,5,1103,464,106,50,220.6,21.2,0,0,1,0,1,2,0,0,0,0,0,84879,0
18168,5,708.6,386,126,14,141.72,25.2,0,0,0,0,1,0,1,0,0,0,0,22649,1
18171,4,666.57,217,171,0,166.6425,42.75,0,0,0,0,2,2,0,0,0,0,0,85180,0
18172,9,3664.06,1403,127,4,407.117777777778,14.1111111111111,0,0,3,0,1,2,0,0,0,0,0,85123,0
18177,5,686.4,358,51,42,137.28,10.2,0,2,0,0,0,0,1,0,0,1,1,85099,0
18179,4,1103.16,729,83,90,275.79,20.75,0,0,0,0,1,0,0,0,0,0,1,84992,1
18183,6,600.52,362,56,56,100.086666666667,9.33333333333333,0,2,1,0,1,0,0,3,0,0,0,21937,1
18198,14,3786.91,3113,171,3,270.493571428572,12.2142857142857,0,0,1,0,0,0,1,0,0,0,1,22178,0
18218,4,626.38,546,75,44,156.595,18.75,0,1,0,0,0,0,0,0,0,0,2,85194,1
18219,5,791.22,379,127,6,158.244,25.4,0,0,2,1,0,3,0,0,0,0,0,84879,0
18223,15,2564.99,1141,157,7,170.999333333333,10.4666666666667,0,7,0,1,2,2,0,3,1,0,0,85099,0
18225,6,1571.17,906,108,34,261.861666666667,18,0,3,3,0,1,0,1,0,0,1,0,85099,0
18226,7,2596.09,1842,152,23,370.87,21.7142857142857,0,3,2,0,5,0,3,1,0,0,3,47566,0
18229,8,2967.04,868,158,9,370.88,19.75,0,0,0,0,0,0,1,0,0,0,1,22193,0
18230,4,1643.28,806,128,11,410.82,32,0,0,0,0,0,0,0,0,0,0,0,82001,0
18231,6,2066.17,808,96,30,344.361666666667,16,0,0,2,1,2,0,0,1,0,0,0,47566,1
18239,4,1123.51,587,103,56,280.8775,25.75,0,0,2,1,0,1,0,0,0,0,0,22178,1
18245,4,881.059999999999,719,100,49,220.265,25,0,0,1,0,1,0,0,1,0,0,0,84970,0
18257,8,863.35,377,127,6,107.91875,15.875,0,1,0,0,0,0,0,1,1,1,0,22993,0
18260,7,2364.3,1411,161,10,337.757142857143,23,0,0,1,3,2,4,0,0,0,0,0,47590,1
18283,7,842.580000000001,545,168,7,120.368571428572,24,0,6,3,0,0,0,4,1,0,2,6,85099,0
